config,dataset,unit,n,ac1,p_rw,p_iaaft
B,WESAD,S2,202,0.9854636539226399,0.8675496688741722,0.543046357615894
B,WESAD,S3,216,0.990197751292582,0.8013245033112583,0.3708609271523179
B,WESAD,S4,214,0.9887231648779115,1.0,1.0
B,WESAD,S5,208,0.990442238253711,1.0,1.0
B,WESAD,S6,235,0.99083463867766,1.0,1.0
B,WESAD,S7,174,0.9889861915712844,1.0,1.0
B,WESAD,S8,182,0.9882412734381291,1.0,1.0
B,WESAD,S9,174,0.994623717680787,1.0,1.0
B,WESAD,S10,183,0.9936058269851126,0.18543046357615894,0.18543046357615894
B,WESAD,S11,174,0.9926508312980772,0.543046357615894,0.26490066225165565
B,WESAD,S13,184,0.9942785387510403,1.0,1.0
B,WESAD,S14,184,0.9508207756855583,0.6490066225165563,0.44370860927152317
B,WESAD,S15,175,0.9951022742774859,0.8741721854304636,0.31125827814569534
B,WESAD,S16,187,0.9972119184131674,0.6225165562913907,0.2980132450331126
B,WESAD,S17,197,0.9910732892754699,1.0,1.0
B,EXAM,Final,779,0.9968942936491616,1.0,1.0
B,EXAM,Midterm 1,372,0.987834051577151,1.0,1.0
B,EXAM,Midterm 2,371,0.9878693630368715,0.09271523178807947,0.026490066225165563
B,EXAM,Final,769,0.9925647247508007,1.0,1.0
B,EXAM,Midterm 1,389,0.9908828825817438,1.0,1.0
B,EXAM,Midterm 2,433,0.99723411860507,1.0,1.0
B,EXAM,Final,844,0.9820525555977591,0.25165562913907286,0.026490066225165563
B,EXAM,Midterm 1,399,0.9546534629151703,0.1390728476821192,0.40397350993377484
B,EXAM,Midterm 2,462,0.9721210907506309,1.0,1.0
B,EXAM,Final,860,0.9860731999676571,1.0,1.0
B,EXAM,Midterm 1,407,0.9812515867486826,0.24503311258278146,0.059602649006622516
B,EXAM,Midterm 2,341,0.9885954453343843,1.0,1.0
B,EXAM,Final,530,0.9929213419476508,1.0,1.0
B,EXAM,Midterm 1,389,0.9861866663182175,1.0,1.0
B,EXAM,Midterm 2,446,0.9869517406356206,0.10596026490066225,0.3708609271523179
B,EXAM,Final,508,0.9796331541708683,1.0,1.0
B,EXAM,Midterm 1,400,0.9594539992263476,1.0,1.0
B,EXAM,Midterm 2,400,0.98265895302762,0.5960264900662252,0.9735099337748344
B,EXAM,Final,797,0.9850789745231303,0.6887417218543046,0.16556291390728478
B,EXAM,Midterm 1,371,0.9765213676434858,1.0,1.0
B,EXAM,Midterm 2,473,0.9676859109261723,1.0,1.0
B,EXAM,Final,654,0.9873798865640546,0.052980132450331126,0.033112582781456956
B,EXAM,Midterm 1,412,0.9882928807088792,1.0,1.0
B,EXAM,Midterm 2,360,0.9797001379092696,1.0,1.0
B,EXAM,Final,596,0.9816983866717467,1.0,1.0
B,EXAM,Midterm 1,359,0.9693815197867648,1.0,1.0
B,EXAM,Midterm 2,332,0.8681970498761613,0.36423841059602646,0.12582781456953643
B,EXAM,Final,473,0.9853718261257547,1.0,1.0
B,EXAM,Midterm 1,422,0.9771740688972771,0.8940397350993378,0.8940397350993378
B,EXAM,Midterm 2,414,0.9827195124826091,1.0,1.0
B,NURSE,15_1594140175,260,0.9555135307727985,0.006622516556291391,0.033112582781456956
B,NURSE,6B_1587569373,520,0.9866379057088609,0.006622516556291391,0.4503311258278146
B,NURSE,7E_1603292452,552,0.9809225859267234,1.0,1.0
B,NURSE,83_1603929757,1212,0.9910710493746155,1.0,1.0
B,NURSE,CE_1586788313,545,0.987263198558764,0.46357615894039733,0.6754966887417219
B,NURSE,DF_1594231189,374,0.870098087955034,1.0,1.0
B,NURSE,E4_1587206108,518,0.9851234827125706,1.0,1.0
B,NURSE,EG_1603463571,1160,0.9157868888969258,1.0,1.0
B,NURSE,F5_1594141473,481,0.9923331709722268,1.0,1.0
B,NURSE,15_1594149654,70,0.9768562476503706,0.5033112582781457,0.0728476821192053
B,NURSE,5C_1586886712,784,0.9987932511536094,1.0,1.0
B,NURSE,6B_1587585327,526,0.9696568161403999,0.7615894039735099,0.7019867549668874
B,NURSE,6D_1594757863,94,0.9548198320525727,1.0,1.0
B,NURSE,7A_1587228286,566,0.9972182012120226,1.0,1.0
B,NURSE,7E_1603309557,147,0.9239255612901137,0.44370860927152317,0.3973509933774834
B,NURSE,83_1603966680,316,0.9925633142195661,1.0,1.0
B,NURSE,8B_1594153037,85,0.9080307888699496,0.006622516556291391,0.006622516556291391
B,NURSE,BG_1603681317,98,0.7604758229784975,0.6754966887417219,0.8344370860927153
B,NURSE,DF_1594296700,218,0.909134229484124,1.0,1.0
B,NURSE,E4_1587236732,62,0.9134869457375069,0.8211920529801324,0.7748344370860927
B,NURSE,15_1594213322,183,0.9517785842466854,0.7947019867549668,0.5099337748344371
B,NURSE,5C_1587297777,1072,0.9950562764049542,0.11920529801324503,0.16556291390728478
B,NURSE,6B_1587653438,163,0.9668283152461301,0.15894039735099338,0.2781456953642384
B,NURSE,6D_1594831043,262,0.9118620935134301,1.0,1.0
B,NURSE,7A_1587298286,455,0.9955834119482007,1.0,1.0
B,NURSE,83_1604016419,1502,0.9832898346499216,1.0,1.0
B,NURSE,94_1587209323,1212,0.9651626844870989,1.0,1.0
B,NURSE,BG_1603685056,63,0.8566899558798399,1.0,1.0
B,NURSE,CE_1587568353,1091,0.9653070160477822,1.0,1.0
B,NURSE,DF_1594305457,657,0.9441419948086597,0.5894039735099338,0.8278145695364238
B,NURSE,E4_1587241555,377,0.9770068864822451,0.09933774834437085,0.17880794701986755
B,NURSE,F5_1594218280,161,0.9579614532514932,1.0,1.0
B,NURSE,15_1594220239,495,0.9758379686944845,0.5761589403973509,0.17880794701986755
B,NURSE,5C_1587336033,80,0.9812208334059206,0.6556291390728477,0.2052980132450331
B,NURSE,6D_1594910470,682,0.9839262040207799,0.4966887417218543,0.31125827814569534
B,NURSE,7A_1587326219,91,0.9952040358882455,0.006622516556291391,0.006622516556291391
B,NURSE,83_1604103283,1454,0.9932707157210747,1.0,1.0
B,NURSE,94_1587293342,406,0.9816651330272377,1.0,1.0
B,NURSE,CE_1587640779,205,0.9073603344644122,1.0,1.0
B,NURSE,DF_1594385893,315,0.9502253010361245,1.0,1.0
B,NURSE,EG_1603574790,392,0.9436283481543263,0.24503311258278146,0.36423841059602646
B,NURSE,F5_1594223270,382,0.9410319465861765,1.0,1.0
C,WESAD,S2,202,0.9976144953826472,1.0,1.0
C,WESAD,S3,216,0.9984364871283498,0.17880794701986755,0.13245033112582782
C,WESAD,S4,214,0.999038894450992,0.26490066225165565,0.0728476821192053
C,WESAD,S5,208,0.9964150394884111,0.033112582781456956,0.08609271523178808
C,WESAD,S6,235,0.9985367331544572,0.8278145695364238,0.543046357615894
C,WESAD,S7,174,0.9920214074573427,0.006622516556291391,0.013245033112582781
C,WESAD,S8,182,0.999162422056214,0.033112582781456956,0.006622516556291391
C,WESAD,S9,174,0.9983856209588415,1.0,1.0
C,WESAD,S10,183,0.9990116913802459,0.8145695364238411,0.8278145695364238
C,WESAD,S11,174,0.9995624150776586,1.0,1.0
C,WESAD,S13,184,0.9983264814539555,0.006622516556291391,0.006622516556291391
C,WESAD,S14,184,0.996251071170871,1.0,1.0
C,WESAD,S15,175,0.9679158918856801,1.0,1.0
C,WESAD,S16,187,0.9939441898325336,1.0,1.0
C,WESAD,S17,197,0.9925936964029335,0.48344370860927155,0.2980132450331126
C,EXAM,Final,779,0.9977847760560397,0.4768211920529801,0.026490066225165563
C,EXAM,Midterm 1,372,0.999628984507647,1.0,1.0
C,EXAM,Midterm 2,371,0.9963877951711748,0.3509933774834437,0.2582781456953642
C,EXAM,Final,769,0.9968514262326572,1.0,1.0
C,EXAM,Midterm 1,389,0.9996461336856508,1.0,1.0
C,EXAM,Midterm 2,433,0.9956237842880518,0.9006622516556292,0.7218543046357616
C,EXAM,Final,844,0.997524967559548,0.8940397350993378,0.013245033112582781
C,EXAM,Midterm 1,399,0.999804451379232,0.8145695364238411,0.7615894039735099
C,EXAM,Midterm 2,462,0.9975310819311883,0.7019867549668874,0.8410596026490066
C,EXAM,Final,860,0.9975860515099726,0.052980132450331126,0.013245033112582781
C,EXAM,Midterm 1,407,0.9997349312208819,1.0,1.0
C,EXAM,Midterm 2,341,0.9923210199141865,1.0,1.0
C,EXAM,Final,530,0.9966782456653283,0.059602649006622516,0.039735099337748346
C,EXAM,Midterm 1,389,0.9994353642408541,1.0,1.0
C,EXAM,Midterm 2,446,0.995616578564055,1.0,1.0
C,EXAM,Final,508,0.9973643542712806,0.006622516556291391,0.026490066225165563
C,EXAM,Midterm 1,400,0.9995584727669583,1.0,1.0
C,EXAM,Midterm 2,400,0.9951465649593987,0.9337748344370861,0.695364238410596
C,EXAM,Final,797,0.9970465798528102,1.0,1.0
C,EXAM,Midterm 1,371,0.9997775389306565,1.0,1.0
C,EXAM,Midterm 2,473,0.9975446010811407,1.0,1.0
C,EXAM,Final,654,0.9952886141823558,0.33774834437086093,0.006622516556291391
C,EXAM,Midterm 1,412,0.9995673128989958,1.0,1.0
C,EXAM,Midterm 2,360,0.9921459501029796,0.5364238410596026,0.1390728476821192
C,EXAM,Final,596,0.9971826075216124,0.006622516556291391,0.006622516556291391
C,EXAM,Midterm 1,359,0.9997301187648792,1.0,1.0
C,EXAM,Midterm 2,332,0.9949160200814164,0.9403973509933775,0.7615894039735099
C,EXAM,Final,473,0.9939607250680953,0.8675496688741722,0.9735099337748344
C,EXAM,Midterm 1,422,0.9996531778671076,1.0,1.0
C,EXAM,Midterm 2,414,0.9950194383329746,0.9337748344370861,0.7152317880794702
C,NURSE,15_1594140175,260,0.9884104058294697,0.8741721854304636,0.8807947019867549
C,NURSE,6B_1587569373,520,0.998540502418983,1.0,1.0
C,NURSE,7E_1603292452,552,0.9917251634436121,0.12582781456953643,0.9735099337748344
C,NURSE,83_1603929757,1212,0.9688515372456994,0.006622516556291391,0.9006622516556292
C,NURSE,CE_1586788313,545,0.9981550618333439,0.019867549668874173,0.15894039735099338
C,NURSE,DF_1594231189,374,0.9968006116090692,0.5298013245033113,0.7218543046357616
C,NURSE,E4_1587206108,518,0.9927986641150985,0.304635761589404,0.9470198675496688
C,NURSE,EG_1603463571,1160,0.9943095920309383,0.006622516556291391,0.5298013245033113
C,NURSE,F5_1594141473,481,0.997831934868457,0.6622516556291391,0.24503311258278146
C,NURSE,15_1594149654,70,0.9822014865769625,0.4105960264900662,0.2052980132450331
C,NURSE,5C_1586886712,784,0.9982100452354223,1.0,1.0
C,NURSE,6B_1587585327,526,0.999098016217645,1.0,1.0
C,NURSE,6D_1594757863,94,0.9759546510425507,0.7947019867549668,0.7218543046357616
C,NURSE,7A_1587228286,566,0.9952375981713169,0.7152317880794702,0.7814569536423841
C,NURSE,7E_1603309557,147,0.9839206370780051,0.5165562913907285,0.2980132450331126
C,NURSE,83_1603966680,316,0.9946607529159452,0.5629139072847682,0.304635761589404
C,NURSE,8B_1594153037,85,0.9776929490014589,0.3576158940397351,0.039735099337748346
C,NURSE,BG_1603681317,98,0.9744361944854107,1.0,1.0
C,NURSE,DF_1594296700,218,0.989296365560003,0.3576158940397351,0.31788079470198677
C,NURSE,E4_1587236732,62,0.986340187233645,0.6357615894039735,0.271523178807947
C,NURSE,15_1594213322,183,0.9866531002928901,0.5165562913907285,0.5894039735099338
C,NURSE,5C_1587297777,1072,0.9990809702473232,0.006622516556291391,0.543046357615894
C,NURSE,6B_1587653438,163,0.9995337330490439,0.006622516556291391,0.046357615894039736
C,NURSE,6D_1594831043,262,0.9777493974942463,0.8609271523178808,0.6754966887417219
C,NURSE,7A_1587298286,455,0.9979057525632339,1.0,1.0
C,NURSE,83_1604016419,1502,0.995143422183942,1.0,1.0
C,NURSE,94_1587209323,1212,0.9834926592196391,0.006622516556291391,0.026490066225165563
C,NURSE,BG_1603685056,63,0.9885493419920952,0.2980132450331126,0.12582781456953643
C,NURSE,CE_1587568353,1091,0.9986965330275381,0.23841059602649006,0.2847682119205298
C,NURSE,DF_1594305457,657,0.9990277847324335,1.0,1.0
C,NURSE,E4_1587241555,377,0.9917909137916635,0.44370860927152317,0.4768211920529801
C,NURSE,F5_1594218280,161,0.9524688414624966,0.8741721854304636,0.8675496688741722
C,NURSE,15_1594220239,495,0.9660682106735125,0.052980132450331126,0.2251655629139073
C,NURSE,5C_1587336033,80,0.9923606566827656,0.3509933774834437,0.2185430463576159
C,NURSE,6D_1594910470,682,0.9972128154193147,1.0,1.0
C,NURSE,7A_1587326219,91,0.9675121719139977,0.7880794701986755,0.4768211920529801
C,NURSE,83_1604103283,1454,0.9955063229710703,0.695364238410596,0.5761589403973509
C,NURSE,94_1587293342,406,0.9934401073451204,0.5894039735099338,0.5099337748344371
C,NURSE,CE_1587640779,205,0.9945461410181787,1.0,1.0
C,NURSE,DF_1594385893,315,0.9984774568619804,0.5364238410596026,0.5033112582781457
C,NURSE,EG_1603574790,392,0.9775934066138852,0.11920529801324503,0.4966887417218543
C,NURSE,F5_1594223270,382,0.9978740364743668,0.033112582781456956,0.006622516556291391
A,WESAD,S2,202,0.18835452817302478,0.7947019867549668,0.3509933774834437
A,WESAD,S3,216,0.47664299810726907,0.32450331125827814,0.1456953642384106
A,WESAD,S4,214,0.3047808458138386,1.0,1.0
A,WESAD,S5,208,0.11955453553189245,0.7284768211920529,0.2251655629139073
A,WESAD,S6,235,0.3321103826664114,0.33112582781456956,0.2119205298013245
A,WESAD,S7,174,0.5008017440775707,1.0,1.0
A,WESAD,S8,182,0.040423018320312226,1.0,1.0
A,WESAD,S9,174,0.31104060469958683,1.0,1.0
A,WESAD,S10,183,0.29801790592126,1.0,1.0
A,WESAD,S11,174,0.3757680203261619,0.7019867549668874,0.2185430463576159
A,WESAD,S13,184,0.3062195830815585,1.0,1.0
A,WESAD,S14,184,0.6002119329636371,1.0,1.0
A,WESAD,S15,175,0.1614420067448989,0.4768211920529801,0.10596026490066225
A,WESAD,S16,187,0.4178126401846456,1.0,1.0
A,WESAD,S17,197,0.46175443460013244,1.0,1.0
A,EXAM,Final,779,0.5473354029259536,0.019867549668874173,0.006622516556291391
A,EXAM,Midterm 1,372,0.5437739884563092,0.8344370860927153,0.36423841059602646
A,EXAM,Midterm 2,371,0.45573080728123494,0.31125827814569534,0.019867549668874173
A,EXAM,Final,769,0.6077512828804607,0.006622516556291391,0.006622516556291391
A,EXAM,Midterm 1,389,0.5719677753232788,0.15894039735099338,0.152317880794702
A,EXAM,Midterm 2,433,0.47169327524287064,0.44370860927152317,0.052980132450331126
A,EXAM,Final,844,0.452566160073657,1.0,1.0
A,EXAM,Midterm 1,399,0.6325073761466041,0.039735099337748346,0.046357615894039736
A,EXAM,Midterm 2,462,0.5421694943940999,0.046357615894039736,0.006622516556291391
A,EXAM,Final,860,0.525717319022179,0.37748344370860926,0.2251655629139073
A,EXAM,Midterm 1,407,0.6504304400928702,0.006622516556291391,0.006622516556291391
A,EXAM,Midterm 2,341,0.3520425210799755,0.6556291390728477,0.423841059602649
A,EXAM,Final,530,0.6137452261354082,0.543046357615894,0.6556291390728477
A,EXAM,Midterm 1,389,0.509646961059874,0.6291390728476821,0.4503311258278146
A,EXAM,Midterm 2,446,0.7494175430885693,1.0,1.0
A,EXAM,Final,508,0.37137951814966663,0.9006622516556292,0.26490066225165565
A,EXAM,Midterm 1,400,0.6162244428918447,0.006622516556291391,0.019867549668874173
A,EXAM,Midterm 2,400,0.4410226038118363,1.0,1.0
A,EXAM,Final,797,0.5073582765645647,0.47019867549668876,0.41721854304635764
A,EXAM,Midterm 1,371,0.5372440909665805,0.019867549668874173,0.033112582781456956
A,EXAM,Midterm 2,473,0.5755284149970082,1.0,1.0
A,EXAM,Final,654,0.5904697958675966,0.16556291390728478,0.152317880794702
A,EXAM,Midterm 1,412,0.5773311017486558,0.006622516556291391,0.013245033112582781
A,EXAM,Midterm 2,360,0.5256929140888902,0.2582781456953642,0.033112582781456956
A,EXAM,Final,596,0.5502732417831508,0.24503311258278146,0.10596026490066225
A,EXAM,Midterm 1,359,0.42753469960725693,1.0,1.0
A,EXAM,Midterm 2,332,0.5217449608469966,0.47019867549668876,0.23841059602649006
A,EXAM,Final,473,0.5049304156180449,1.0,1.0
A,EXAM,Midterm 1,422,0.6145499470604914,0.013245033112582781,0.0728476821192053
A,EXAM,Midterm 2,414,0.5214959801232366,0.4105960264900662,0.2847682119205298
A,NURSE,15_1594140175,260,0.22386949960461835,0.8211920529801324,0.40397350993377484
A,NURSE,6B_1587569373,520,0.20903465516529468,0.8079470198675497,0.26490066225165565
A,NURSE,7E_1603292452,552,0.2367803785882928,0.32450331125827814,0.152317880794702
A,NURSE,83_1603929757,1212,0.3273048786036751,0.6754966887417219,0.33112582781456956
A,NURSE,CE_1586788313,545,0.45135494058326875,0.7284768211920529,0.3841059602649007
A,NURSE,DF_1594231189,374,0.37694284935518757,0.6490066225165563,0.3443708609271523
A,NURSE,E4_1587206108,518,0.2663496905771312,1.0,1.0
A,NURSE,EG_1603463571,1160,0.08948353264274224,0.8807947019867549,0.37748344370860926
A,NURSE,F5_1594141473,481,0.3136162684027256,1.0,1.0
A,NURSE,15_1594149654,70,0.20110233904696193,1.0,1.0
A,NURSE,5C_1586886712,784,0.8041302304111447,0.006622516556291391,0.17218543046357615
A,NURSE,6B_1587585327,526,0.23481024622292984,1.0,1.0
A,NURSE,6D_1594757863,94,0.45744156175252043,0.152317880794702,0.039735099337748346
A,NURSE,7A_1587228286,566,0.19367742481990924,0.7218543046357616,0.31125827814569534
A,NURSE,7E_1603309557,147,0.08709213508480441,1.0,1.0
A,NURSE,83_1603966680,316,0.11901180426467986,0.9337748344370861,0.6026490066225165
A,NURSE,8B_1594153037,85,0.13785610317554306,0.7284768211920529,0.26490066225165565
A,NURSE,BG_1603681317,98,0.21935919633933987,1.0,1.0
A,NURSE,DF_1594296700,218,0.15666281614812252,1.0,1.0
A,NURSE,E4_1587236732,62,0.2621036974374684,0.41721854304635764,0.16556291390728478
A,NURSE,15_1594213322,183,0.061187087120944506,0.9139072847682119,0.4768211920529801
A,NURSE,5C_1587297777,1072,0.07727799020328756,1.0,1.0
A,NURSE,6B_1587653438,163,0.052926385539836134,0.8940397350993378,0.4304635761589404
A,NURSE,6D_1594831043,262,0.2392609050425008,0.8543046357615894,0.41721854304635764
A,NURSE,7A_1587298286,455,0.29978175761744585,0.6821192052980133,0.24503311258278146
A,NURSE,83_1604016419,1502,0.2244732615415953,1.0,1.0
A,NURSE,94_1587209323,1212,0.27912792568006256,1.0,1.0
A,NURSE,BG_1603685056,63,0.2423701927218305,1.0,1.0
A,NURSE,CE_1587568353,1091,0.17990473585743558,1.0,1.0
A,NURSE,DF_1594305457,657,0.2083443983591989,0.48344370860927155,0.11258278145695365
A,NURSE,E4_1587241555,377,0.15649937771822411,1.0,1.0
A,NURSE,F5_1594218280,161,0.05672530601699631,1.0,1.0
A,NURSE,15_1594220239,495,0.16987396321606513,0.847682119205298,0.23841059602649006
A,NURSE,5C_1587336033,80,0.16810249060043453,0.6887417218543046,0.32450331125827814
A,NURSE,6D_1594910470,682,0.17855331282965942,0.7483443708609272,0.25165562913907286
A,NURSE,7A_1587326219,91,-0.06253672962176991,1.0,1.0
A,NURSE,83_1604103283,1454,0.21922217829129045,0.19205298013245034,0.039735099337748346
A,NURSE,94_1587293342,406,0.31229260753694754,1.0,1.0
A,NURSE,CE_1587640779,205,0.22127416132320152,1.0,1.0
A,NURSE,DF_1594385893,315,0.44757941022500614,0.7682119205298014,0.543046357615894
A,NURSE,EG_1603574790,392,0.10853401506723183,1.0,1.0
A,NURSE,F5_1594223270,382,0.3123511184910839,1.0,1.0
