param,bias,rmse,corr,n
beta0,0.01714945478237569,0.07271380323976097,0.9632577150256268,30
beta_S,0.005103440483129907,0.02868504346746626,0.9910603168773721,30
beta_T,0.0034030166907587467,0.039190407218946406,0.9504758361424558,30
beta_U,-0.004918562401260014,0.029413953627531346,0.9708153008770387,30
alpha0,-0.01790190585220043,0.0974242100406069,0.9809315002693834,30
alpha_A,0.006369246058851535,0.08994272539292893,0.9560800075907661,30
lam,-2.1196836206010632e-05,0.004282890214162125,0.9973374785432795,30
sigma,-0.0008963556017057293,0.0034932725189851686,0.9990109631764861,30
eps,0.008243312982971207,0.04424709635969664,0.5077086197286766,30
