rep,param,true,est
0,beta0,0.1987017508928055,0.17101258404918845
0,beta_S,0.8653377217803597,0.8623197011423199
0,beta_T,0.3128923315017316,0.324122882796321
0,beta_U,0.16406916960727888,0.15230891279435946
0,alpha0,1.7933401626740955,1.7863143784160918
0,alpha_A,0.961990735048072,0.9652043299797463
0,lam,0.24017088980685466,0.2399395964588943
0,sigma,0.3568207175503456,0.35288739801870683
0,eps,0.05124082449190155,0.062308500721124885
1,beta0,0.034971501357814794,0.30981869721959177
1,beta_S,0.37387424599024577,0.3953451310565274
1,beta_T,0.34280621725490074,0.3550279223232177
1,beta_U,0.16094327744536263,0.13144270391306273
1,alpha0,1.640354340210198,1.8930215443943428
1,alpha_A,1.045953403261927,0.8230481741745831
1,lam,0.15155608433907364,0.1517525360633573
1,sigma,0.25455549433408714,0.2508353787567823
1,eps,0.06271666136615565,0.054575456126299486
2,beta0,0.36887527011739174,0.3999079461945204
2,beta_S,0.26152203104327276,0.2666814821960429
2,beta_T,0.1547600638884818,0.1545130467265666
2,beta_U,0.3446535580152359,0.3410368477053182
2,alpha0,0.7238595357434958,0.6934521241332653
2,alpha_A,0.22331108129633742,0.2185094858076593
2,lam,0.2793756946680319,0.26996090577755316
2,sigma,0.2721691516260518,0.2692945998835854
2,eps,0.06104828638577284,0.05889157784531231
3,beta0,-0.2380822824627581,-0.26985920071120645
3,beta_S,0.5407188454416962,0.5676705043547956
3,beta_T,0.19806760695544479,0.20590440000580512
3,beta_U,0.2369051047539434,0.2490789528954231
3,alpha0,0.4429681744689354,0.3372414333625819
3,alpha_A,0.4779333942955226,0.6793922635576035
3,lam,0.18446622349930883,0.18224738600285537
3,sigma,0.32715423628101664,0.3266706645584076
3,eps,0.07360195579902505,0.09285564637017779
4,beta0,-0.3891169266643713,-0.4191258640299613
4,beta_S,0.7674486000514429,0.8382194584667646
4,beta_T,0.24474172047781062,0.23628828916648506
4,beta_U,0.06740481423585436,0.06758083670422661
4,alpha0,0.5740073335139324,0.52268618555323
4,alpha_A,1.0255213111249548,0.8889608246203851
4,lam,0.20449642973254156,0.19267706260115444
4,sigma,0.3934274355204992,0.3927996603434933
4,eps,0.02914395473735041,0.037520144949271805
5,beta0,0.3465383092561799,0.3124888187284369
5,beta_S,0.3520705947966089,0.34272105279383225
5,beta_T,0.3858165445259439,0.36827176893899
5,beta_U,0.3330590984515435,0.2993237590399853
5,alpha0,1.0114230167957392,1.0836059088239796
5,alpha_A,0.23259133045759975,0.16809977485246233
5,lam,0.26651547627818073,0.268884507555414
5,sigma,0.35115704297024375,0.34810945862314396
5,eps,0.05802840689653453,0.04887484431547305
6,beta0,0.04124772538109961,0.00912354495891417
6,beta_S,0.5114935272208694,0.51860808559843
6,beta_T,0.15424330969706296,0.13492944676059324
6,beta_U,0.12231634117494875,0.08929576454331671
6,alpha0,1.510571522040433,1.5200698455501225
6,alpha_A,0.4394988636397219,0.4280043220100119
6,lam,0.20827983233960895,0.2092621049179707
6,sigma,0.2366831483463817,0.23039882973988235
6,eps,0.056913819246750416,0.07004135227291941
7,beta0,0.22384970489748457,0.16593818656226275
7,beta_S,0.8814165157048037,0.8891954318429589
7,beta_T,0.1818271269329118,0.27356121594009436
7,beta_U,0.29191329589327675,0.3368143123775348
7,alpha0,1.740229843747144,1.6312530838904447
7,alpha_A,0.6701223986041879,0.7501849211339663
7,lam,0.12864213581407952,0.1292956075753401
7,sigma,0.33295075543126235,0.32668654026936667
7,eps,0.048113355133183815,0.05089911227550431
8,beta0,-0.2688280015441845,-0.24719340916994798
8,beta_S,0.624140749785206,0.6266255593794631
8,beta_T,0.4854564080669874,0.48610873197142845
8,beta_U,0.1765200117497961,0.17352186844547113
8,alpha0,1.228917893813529,1.2496037354902527
8,alpha_A,0.35174712435671396,0.3338861720609371
8,lam,0.20183881784143257,0.205773664933229
8,sigma,0.3240729361419983,0.32490283751737586
8,eps,0.046583750417992,0.05003735708538659
9,beta0,0.38507093511634205,0.4198227759669882
9,beta_S,0.41352280220645965,0.4463401280823964
9,beta_T,0.4473859031244834,0.4563605425609923
9,beta_U,0.0690320424926583,0.06669657756857428
9,alpha0,0.46347647941205683,0.46485840116591015
9,alpha_A,0.5807821530406182,0.5569162023388736
9,lam,0.2635557318684988,0.25717043049132954
9,sigma,0.28907780633065006,0.2898518014894018
9,eps,0.049913113351397254,0.0438050507997187
10,beta0,0.28995125769832053,0.3071303899539172
10,beta_S,0.3165652570070283,0.3167563677718189
10,beta_T,0.20891582543287635,0.20208802849411284
10,beta_U,0.0725827143559747,0.048648045532176644
10,alpha0,0.31267719683591644,0.37471782631337447
10,alpha_A,1.1815556684095005,1.145306385491824
10,lam,0.27933778876865345,0.28144469163552277
10,sigma,0.3454255286780738,0.35076170676912705
10,eps,0.036755433435101556,0.03633089589032782
11,beta0,-0.1868185314777062,-0.1656760055656354
11,beta_S,0.44218161342886375,0.47056346172762253
11,beta_T,0.21833007691728362,0.2657379215843596
11,beta_U,0.2894651376626445,0.2981095983329706
11,alpha0,1.1784947257120368,1.1665516359687003
11,alpha_A,0.37260347871036315,0.37140169486737934
11,lam,0.16348692818652089,0.1668074673875005
11,sigma,0.29008263693022485,0.28590135720566295
11,eps,0.06928874368611856,0.10207385913536272
12,beta0,0.27687800976227905,0.2802763778043615
12,beta_S,0.7550600929633655,0.7502988233437067
12,beta_T,0.22123459482875135,0.20967949804369684
12,beta_U,0.3392365417991546,0.2985763441936277
12,alpha0,0.49276345125694737,0.272263690340657
12,alpha_A,0.38439975793032066,0.6555728564758596
12,lam,0.16750987544344037,0.16800956757455862
12,sigma,0.4460402823141575,0.447931159371726
12,eps,0.07158370515030978,0.018759117018425978
13,beta0,-0.06228730835990348,-0.07899577931163018
13,beta_S,0.37462904311859857,0.36027747582511
13,beta_T,0.38743652430821274,0.2765774422366633
13,beta_U,0.018052935906048753,0.025510667707961794
13,alpha0,1.5644045312295582,1.5629977245784936
13,alpha_A,0.7440404857005566,0.7605036294102053
13,lam,0.10937597390742618,0.11108388711039927
13,sigma,0.4381052083445124,0.44057855623956016
13,eps,0.0564526776714594,0.06972712796321508
14,beta0,-0.29590710083084587,-0.29095672977090037
14,beta_S,0.3635939017819476,0.36598570697944016
14,beta_T,0.35954133037877245,0.32414977518554605
14,beta_U,0.023031366748205162,0.01972987688011726
14,alpha0,0.671246071794136,0.646169660459797
14,alpha_A,1.1064683830223194,1.1342595561038418
14,lam,0.14696869859776646,0.152754021301991
14,sigma,0.28720176198830855,0.2899627165652534
14,eps,0.04178237831458227,0.03498670329471736
15,beta0,0.2621557550421125,0.2969945084461747
15,beta_S,0.39633266920000765,0.38273114880629916
15,beta_T,0.23968416494133582,0.3582986195585328
15,beta_U,0.09653844829504986,0.051205945794200416
15,alpha0,1.3757586650993399,1.344723447998469
15,alpha_A,0.8389077229860464,0.7860076328121245
15,lam,0.10752011883676532,0.10808229356893011
15,sigma,0.36786194882587814,0.3605270574967184
15,eps,0.0392307538168371,0.04011065922167303
16,beta0,-0.06955629836436145,-0.07011519524584227
16,beta_S,0.8598169793285622,0.9280957447826403
16,beta_T,0.4697693411308436,0.5096824970065593
16,beta_U,0.3698114608560917,0.42408064973252224
16,alpha0,0.3296373424722015,0.217402735417554
16,alpha_A,1.013307645982766,1.1101642440742376
16,lam,0.1525571141081892,0.15129539113067997
16,sigma,0.2760849370637642,0.2724140424550766
16,eps,0.07324344167841804,0.05678325673438244
17,beta0,-0.1794454066842234,-0.2123720821081229
17,beta_S,0.5358098109201961,0.5353535068777207
17,beta_T,0.29908086722896415,0.31069893334735815
17,beta_U,0.15121007081764326,0.0872246288117019
17,alpha0,1.3910357774202513,1.1893313155440062
17,alpha_A,1.1355293954844938,1.2615402108719511
17,lam,0.1136715798354236,0.1155487874864388
17,sigma,0.20664550721680885,0.2051401517988489
17,eps,0.06529845252333286,0.06962330592642295
18,beta0,-0.09405109682470769,-0.06963234292984483
18,beta_S,0.5303582550466043,0.5073379233416528
18,beta_T,0.47303184662183956,0.4166756934263555
18,beta_U,0.22339180438528405,0.21684952251612766
18,alpha0,1.1211095816755732,1.1542874469043032
18,alpha_A,0.4228265355732106,0.4131273325911831
18,lam,0.1211949681431285,0.12796414811676246
18,sigma,0.24668280214594082,0.24606244408567599
18,eps,0.010372362303035308,0.003847031911034824
19,beta0,-0.263843159505211,-0.20697857608289294
19,beta_S,0.30360798184728754,0.27836470554156884
19,beta_T,0.3881919573775107,0.3678482898520915
19,beta_U,0.17054358597303088,0.15041291889570896
19,alpha0,1.0907233309571334,1.135205786417953
19,alpha_A,0.6543146235066292,0.668023587424477
19,lam,0.183992308186671,0.1859327922998629
19,sigma,0.41224602613368866,0.40987072822822584
19,eps,0.04994654876925667,0.03801884028519863
20,beta0,-0.10297316650023108,-0.09064548299789908
20,beta_S,0.7172909696373311,0.6715068217859992
20,beta_T,0.43741465371450877,0.44725735169080494
20,beta_U,0.3018132484728342,0.3274354587720401
20,alpha0,0.9321182574715665,1.017046492502792
20,alpha_A,0.7302499080003394,0.6822214608747582
20,lam,0.17122327446408175,0.17906878536875998
20,sigma,0.20148660281444067,0.20202302829143495
20,eps,0.070329508660276,0.07042629771823662
21,beta0,-0.23734347580874965,-0.21808925126993658
21,beta_S,0.4629884514255915,0.47327166803004345
21,beta_T,0.24191505052360973,0.24931860291889782
21,beta_U,0.28496958077798046,0.26642095556694234
21,alpha0,1.6132484918638008,1.6800620149126748
21,alpha_A,1.188390171625489,1.1561821234047824
21,lam,0.2403979756297201,0.23857541600309026
21,sigma,0.26384592369194393,0.264063695848413
21,eps,0.03849844433767353,0.037550041527424076
22,beta0,0.33472424412056034,0.581182626322554
22,beta_S,0.32172529655236104,0.33324141852959244
22,beta_T,0.008164867424878264,-0.0003758882505627613
22,beta_U,0.25188256181502644,0.2897372649131037
22,alpha0,1.2947764453618287,1.0747404911349094
22,alpha_A,0.9327483012724559,0.9816919075323823
22,lam,0.21441163729327856,0.21026317187330937
22,sigma,0.25704730134930365,0.25535137884061104
22,eps,0.03752238713069239,0.03849125358563558
23,beta0,0.2918504163628478,0.2764947674831381
23,beta_S,0.34876723480505234,0.3557465949698976
23,beta_T,0.031345204986623854,0.01753227092291466
23,beta_U,0.29370205812316297,0.2825097697283976
23,alpha0,0.9565093622516108,0.9031396248729517
23,alpha_A,0.884187808494032,0.9188844602338699
23,lam,0.2630775154968211,0.25730956672487126
23,sigma,0.30717262147617613,0.3079872992990655
23,eps,0.04215202787712369,0.04191020534723004
24,beta0,0.029419587305985817,0.03245187630507726
24,beta_S,0.6918266483624258,0.6425018704896502
24,beta_T,0.17945175558039334,0.19101878726727792
24,beta_U,0.22229980193250928,0.26680201282501415
24,alpha0,1.7079413004791328,1.7896323119027515
24,alpha_A,0.1385319949127493,0.09730083727200238
24,lam,0.18217545293901288,0.18469365132990448
24,sigma,0.3540919265561388,0.35315275465469986
24,eps,0.07168182773878608,0.2994710288090299
25,beta0,-0.06900891737717246,-0.024565061341142783
25,beta_S,0.2682838488292486,0.2297393514954508
25,beta_T,0.2933233897768292,0.2937232072160419
25,beta_U,0.12673742537553362,0.1399808148728204
25,alpha0,1.1125669184649198,1.1201780054265906
25,alpha_A,0.6889747268837121,0.627769513809273
25,lam,0.17663503822317067,0.17674493923521786
25,sigma,0.4190602683110324,0.4166558179083526
25,eps,0.013618550845446397,0.010316946661348395
26,beta0,-0.23497483840757527,-0.25096029306398104
26,beta_S,0.8869851668227005,0.8952403636107118
26,beta_T,0.18384328772532105,0.20076477150739852
26,beta_U,0.01669259375828345,0.011154040000528331
26,alpha0,1.0907104137407875,1.0681049840113481
26,alpha_A,0.5099428529261533,0.4642957435071691
26,lam,0.260459764553882,0.2594862748563216
26,sigma,0.4168753058249296,0.42097716882013037
26,eps,0.05225908418369817,0.0715749841083714
27,beta0,-0.06965776170852944,-0.08966490471354699
27,beta_S,0.6220985334626996,0.6240151854439673
27,beta_T,0.19705916476819352,0.19624715209363053
27,beta_U,0.2588645936811654,0.2661841444469368
27,alpha0,0.3338954485849509,0.37081345185835685
27,alpha_A,0.4490995550252208,0.44766327467381595
27,lam,0.2093977699718601,0.2113232073420374
27,sigma,0.2555405711342229,0.2542831804825085
27,eps,0.04535787832186359,0.07396958687244998
28,beta0,-0.2581982543919673,-0.28700792355772053
28,beta_S,0.20623857430245776,0.21327514681059345
28,beta_T,0.35147599471902136,0.35009059915689944
28,beta_U,0.37279679113157893,0.38564767880847095
28,alpha0,1.2203855894517899,1.1837004371872455
28,alpha_A,0.6813835956393487,0.7268198328587536
28,lam,0.270874772567127,0.26696352752760055
28,sigma,0.3141306995965244,0.3124752229648621
28,eps,0.03894905967880361,0.0362849500623579
29,beta0,0.13211444431957875,0.13993503006466168
29,beta_S,0.3317875892859138,0.39256694556608823
29,beta_T,0.1289302578674289,0.14612608895264703
29,beta_U,0.27350494402067843,0.2130666333513368
29,alpha0,1.5169694455819096,1.4458877500257878
29,alpha_A,0.7092023387969442,0.7462513729477337
29,lam,0.1764834202309993,0.17869799623451224
29,sigma,0.4489139490001536,0.45716322935148923
29,eps,0.06812512148756678,0.056986770091548414
