dataset,subject,n,beta0,beta_S,beta_T,beta_U,alpha0,alpha_A,lam,sigma,eps,identified,mean_a,mean_b,pct_bistable,nll,aic,cusp_identified,lam_t,lam_p_nominal,pct_calm,pct_focused,pct_stuck,pct_overloaded,pct_recovering
WESAD,S2,202,38.53268660198343,90.65659486623728,-23.168373068011075,24.955649964747064,138.29875752520383,-194.9138280296019,0.0003264557620714443,0.19456499935932223,0.06251935698623466,True,-9.209621501125419,35.677391407087384,0.5198019801980198,-43.82814077352777,-69.65628154705554,True,0.12801533766448275,0.4491347195660478,0.08415841584158416,0.034653465346534656,0.2722772277227723,0.6089108910891089,0.0
WESAD,S3,216,8.03136005625497,24.836904335509026,-6.4574623225023595,34.42367102787323,55.76325605597595,-55.358204535577244,0.0013076342786772195,0.19234284926692605,0.030020342013444768,True,3.0460326912095637,10.521656397826384,0.39351851851851855,-49.350517974260306,-80.70103594852061,True,0.5907906145581571,0.2776510609436733,0.06018518518518518,0.09259259259259259,0.1388888888888889,0.6944444444444444,0.013888888888888888
WESAD,S4,214,,,,,,,0.0,0.23993025341657612,0.001,False,,,,-1.8037852677040598,14.392429464591881,False,0.0,0.5,0.0,0.0,0.0,0.0,0.0
WESAD,S5,208,,,,,,,0.0,0.1584072623765675,0.014016295561470058,False,,,,-87.69501575602372,-157.39003151204744,False,0.0,0.5,0.0,0.0,0.0,0.0,0.0
WESAD,S6,235,,,,,,,0.0,0.12689722636413608,0.008445740447923794,False,,,,-151.03277938910935,-284.0655587782187,False,0.0,0.5,0.0,0.0,0.0,0.0,0.0
WESAD,S7,174,,,,,,,0.0,0.11201645390265733,0.001,False,,,,-133.23957874894188,-248.47915749788376,False,0.0,0.5,0.0,0.0,0.0,0.0,0.0
WESAD,S8,182,,,,,,,0.0,0.1823873754858589,0.3,False,,,,-51.16578298185632,-84.33156596371263,False,0.0,0.5,0.0,0.0,0.0,0.0,0.0
WESAD,S9,174,,,,,,,0.0,0.09641680002770998,0.001,False,,,,-159.18357733935267,-300.36715467870533,False,0.0,0.5,0.0,0.0,0.0,0.0,0.0
WESAD,S10,183,4.993526489903011,6.122198810161121,4.634664594936453,0.32431610720163867,28.654361202539395,-31.456786414220407,0.003951342809755972,0.10325180796868283,0.017941403186899872,True,12.14276006483885,7.4875999226456535,0.5956284153005464,-154.9995726364651,-291.9991452729302,True,2.5157164143693658,0.006389716662919183,0.0,0.0,0.20218579234972678,0.7978142076502732,0.0
WESAD,S11,174,1.1026932551397834,10.438937927824655,9.748590087119016,17.466162645359216,17.593655338114985,-37.69496996557373,0.002114439655379404,0.1331837669995036,0.05989797306741236,True,-7.889645845968405,9.954058647721084,0.1781609195402299,-103.29602755347383,-188.59205510694767,True,1.1866692077341192,0.11852682373451218,0.2471264367816092,0.09195402298850575,0.12643678160919541,0.5287356321839081,0.005747126436781609
WESAD,S13,184,,,,,,,0.0,0.11678665097487535,0.013549123139091488,False,,,,-133.30963878698174,-248.61927757396347,False,0.0,0.5,0.0,0.0,0.0,0.0,0.0
WESAD,S14,184,14.571369739023345,4.412555210900484,-0.872103612587322,-0.34471835947099183,10.655436497405102,-20.102424191460514,0.005848093430877061,0.4241302467713621,0.3,True,0.37876444911451373,16.47951869127039,0.21739130434782608,102.70396419573316,223.40792839146633,True,0.7596945433128415,0.22422678131946228,0.1358695652173913,0.14673913043478262,0.15217391304347827,0.5652173913043478,0.0
WESAD,S15,175,52.95644047394743,27.587607533965688,17.373147128365297,0.8321114535812568,79.05587605681997,-2655.5649909603953,0.0007981580513204139,0.08920610220856605,0.001,True,-0.7472901041836147,59.94426458014609,0.6171428571428571,-173.62890987313276,-329.2578197462655,True,0.3093092730351288,0.37873592677373,0.022857142857142857,0.005714285714285714,0.2,0.7714285714285715,0.0
WESAD,S16,187,30.608332985606815,18.984689842718563,19.41066452420381,-9.623769247976792,94.67348180404605,-1367.6727786374588,0.000807721106867996,0.08234448885962743,0.001,True,-23.580911807043144,34.77952087566733,0.40641711229946526,-200.49036994789768,-382.98073989579535,True,1.008925591761442,0.15718610292678445,0.12299465240641712,0.10160427807486631,0.22459893048128343,0.5454545454545454,0.0053475935828877
WESAD,S17,197,,,,,,,0.0,0.18612791706399176,0.0019022638303127738,False,,,,-51.42698612865003,-84.85397225730006,False,0.0,0.5,0.0,0.0,0.0,0.0,0.0
EXAM,S1,779,,,,,,,0.0,0.053158085956448886,0.001,False,,,,-1179.0951909375167,-2340.1903818750334,False,0.0,0.5,0.0,0.0,0.0,0.0,0.0
EXAM,S1,372,,,,,,,0.0,0.27269236244064465,0.3,False,,,,44.34471604033083,106.68943208066166,False,0.0,0.5,0.0,0.0,0.0,0.0,0.0
EXAM,S1,371,16.11283035942812,2.880989278927731,-2.5022818562723574,0.9281892305949851,35.82111880655065,-77.09313674145201,0.005783012293990375,0.09840783622436401,0.05016524393456252,True,5.612717545897727,15.532615572481516,0.48517520215633425,-332.88763413153384,-647.7752682630677,True,2.6235620986583275,0.004534308506069407,0.04043126684636118,0.01078167115902965,0.2991913746630728,0.6495956873315364,0.0
EXAM,S10,769,,,,,,,0.0,0.08061920097444396,0.19573723788223918,False,,,,-844.093362544657,-1670.186725089314,False,0.0,0.5,0.0,0.0,0.0,0.0,0.0
EXAM,S10,389,,,,,,,0.0,0.08686884574432774,0.3,False,,,,-397.4739064848882,-776.9478129697764,False,0.0,0.5,0.0,0.0,0.0,0.0,0.0
EXAM,S10,433,,,,,,,0.0,0.04970948137282414,0.001,False,,,,-683.6922973931956,-1349.3845947863913,False,0.0,0.5,0.0,0.0,0.0,0.0,0.0
EXAM,S2,844,6.079156514030144,-4.89821953010798,3.7691993986820513,-2.60981747400986,38.686875509349214,-33.803696952775844,0.00200530324384216,0.1792400729408114,0.01735660152600165,True,11.457057329626329,8.148644327945776,0.5177725118483413,-252.9764170350608,-487.9528340701216,True,2.222213144070558,0.013267913387289703,0.004739336492890996,0.030805687203791468,0.2014218009478673,0.7630331753554502,0.0
EXAM,S2,399,8.742728564446114,3.19131296732998,3.3153849024468696,0.9350659975287953,25.617929023639064,-25.03764819237113,0.00792966103469396,0.34495429424958607,0.0243596846452584,True,9.636678177459183,9.90645147680498,0.543859649122807,141.1288824525588,300.2577649051176,True,2.3923694285021746,0.008605671950002336,0.005012531328320802,0.06015037593984962,0.2957393483709273,0.6390977443609023,0.0
EXAM,S2,462,,,,,,,0.0,0.2563747033813633,0.3,False,,,,26.656547589259027,71.31309517851805,False,0.0,0.5,0.0,0.0,0.0,0.0,0.0
EXAM,S3,860,,,,,,,0.0,0.1976850547041704,0.05040032693962738,False,,,,-173.6396466747741,-329.2792933495482,False,0.0,0.5,0.0,0.0,0.0,0.0,0.0
EXAM,S3,407,8.714129872561378,-1.9096072856935824,-4.412505040682966,-5.862469830859291,23.344259314890596,-36.57302960021283,0.0036587935385921032,0.2552861953719553,0.005436704263269809,True,6.541692898013056,6.370597575390597,0.33415233415233414,21.748812959396076,61.49762591879215,True,1.920491072068529,0.027754176403033088,0.09828009828009827,0.16216216216216217,0.24324324324324326,0.4742014742014742,0.022113022113022112
EXAM,S3,341,,,,,,,0.0,0.13125506556412997,0.08183023419383276,False,,,,-207.9692450938967,-397.9384901877934,False,0.0,0.5,0.0,0.0,0.0,0.0,0.0
EXAM,S4,530,,,,,,,0.0,0.1431689495596892,0.0032065789106475225,False,,,,-277.61462279907096,-537.2292455981419,False,0.0,0.5,0.0,0.0,0.0,0.0,0.0
EXAM,S4,389,,,,,,,0.0,0.2548397505521125,0.3,False,,,,20.105450980113865,58.21090196022773,False,0.0,0.5,0.0,0.0,0.0,0.0,0.0
EXAM,S4,446,2.8126155026960444,0.1444328131016683,2.7542333638049445,0.3597994557064907,18.565748448869595,-33.355579927871375,0.0041293551391615654,0.17369695080923747,0.005107167405502155,True,0.3438373992015297,4.544168652013592,0.35650224215246634,-147.51955903077481,-277.03911806154963,True,2.798429447450628,0.002680903386064841,0.13452914798206278,0.07623318385650224,0.10538116591928251,0.6838565022421524,0.0
EXAM,S5,508,,,,,,,0.0,0.1971303712763986,0.3,False,,,,-103.91038656576752,-189.82077313153505,False,0.0,0.5,0.0,0.0,0.0,0.0,0.0
EXAM,S5,400,,,,,,,0.0,0.28011821159059064,0.07045271180937072,False,,,,58.41158606713029,134.82317213426057,False,0.0,0.5,0.0,0.0,0.0,0.0,0.0
EXAM,S5,400,0.30245648187543694,0.00040139123304298445,0.12467963687759108,0.05563437311067381,1.6414481330308008,-6.655413700888434,0.0453986234023275,0.11996311258256721,0.3,True,0.3017891455167733,0.3816556584179685,0.3975,-279.9513457131091,-541.9026914262182,True,1.2254527008773626,0.1105702306045135,0.03,0.0725,0.375,0.5225,0.0
EXAM,S6,797,30.055256456340746,-16.254541347217753,6.37815249632487,-5.697750973680647,52.18984158107791,-73.43238344873781,0.0009769128177420016,0.1615057359837884,0.01022116093268016,True,-8.281537936227757,29.200793416349082,0.3889585947302384,-321.8037651071137,-625.6075302142274,True,0.8490454077436826,0.1980567773919179,0.11417816813048934,0.03136762860727729,0.09535759096612297,0.7590966122961104,0.0
EXAM,S6,371,,,,,,,0.0,0.15555186675142266,0.3,False,,,,-163.4798829669744,-308.9597659339488,False,0.0,0.5,0.0,0.0,0.0,0.0,0.0
EXAM,S6,473,,,,,,,0.0,0.25232279305544014,0.3,False,,,,19.77323492397461,57.54646984794922,False,0.0,0.5,0.0,0.0,0.0,0.0,0.0
EXAM,S7,654,1.6131119224108341,-1.339155256501816,1.64120400841173,0.3520800041297936,19.623434818784823,-43.146557969829374,0.004575090980435165,0.1675787926889011,0.0021385011275674884,True,0.5134730876130834,2.172999421318595,0.1926605504587156,-239.8881049561544,-461.7762099123088,True,3.0491673773974375,0.0011943041152532188,0.29510703363914376,0.1162079510703364,0.04128440366972477,0.5474006116207951,0.0
EXAM,S7,412,,,,,,,0.0,0.1335545023108183,0.01641227808435271,False,,,,-244.2602157332579,-470.5204314665158,False,0.0,0.5,0.0,0.0,0.0,0.0,0.0
EXAM,S7,360,,,,,,,0.0,0.2144966355501134,0.1235820328466044,False,,,,-43.267646648232635,-68.53529329646527,False,0.0,0.5,0.0,0.0,0.0,0.0,0.0
EXAM,S8,596,,,,,,,0.0,0.16344399032224746,0.027892362779386844,False,,,,-233.44609667476143,-448.89219334952287,False,0.0,0.5,0.0,0.0,0.0,0.0,0.0
EXAM,S8,359,,,,,,,0.0,0.19058506815307474,0.24981492372778855,False,,,,-85.46107940646124,-152.92215881292248,False,0.0,0.5,0.0,0.0,0.0,0.0,0.0
EXAM,S8,332,11.491868437502118,-3.6086479769538973,0.5073751999423837,-3.69540518978859,13.58473479105272,-8.211994838341994,0.00918108913665493,0.6117694054256737,0.3,True,6.573492759466221,10.0819391835672,0.5060240963855421,307.015302157202,632.030604314404,True,1.882397276294771,0.030339025240814124,0.0030120481927710845,0.09036144578313253,0.12349397590361445,0.7831325301204819,0.0
EXAM,S9,473,,,,,,,0.0,0.1327897544949298,0.006422595906734684,False,,,,-283.22344027468705,-548.4468805493741,False,0.0,0.5,0.0,0.0,0.0,0.0,0.0
EXAM,S9,422,0.9965170105688265,-1.267513710802938,-0.1648137212178667,0.04227166117400078,0.9495245817126973,-8.971252420221415,0.02687348711750965,0.13146907292549348,0.3,True,-1.4850239636207607,1.1024904253539132,0.2014218009478673,-256.82899076219167,-495.65798152438333,True,0.1976352209023721,0.42171373753900737,0.22748815165876776,0.07109004739336493,0.2014218009478673,0.5,0.0
EXAM,S9,414,,,,,,,0.0,0.226708343254893,0.20698057573345463,False,,,,-26.90793536676472,-35.81587073352944,False,0.0,0.5,0.0,0.0,0.0,0.0,0.0
NURSE,15_1594140175,260,3.7323257352511505,0.028359421573664924,0.04820311333914468,3.6633200854097443,20.625361117527234,-52.821694565091406,0.013949734135929535,0.3610652891111801,0.0030602598191991565,True,5.845996458313632,3.9029317038829427,0.45,103.6626915888367,225.3253831776734,True,4.021715949249419,3.819862092470791e-05,0.17307692307692307,0.05384615384615385,0.1423076923076923,0.6076923076923076,0.023076923076923078
NURSE,6B_1587569373,520,0.6200776125605574,0.3939846078037918,-0.12396005801974283,-0.5124597634762549,1.694790445402164,-5.893506979743056,0.017554672886947943,0.1314771623804681,0.3,True,0.03211900519803248,0.6143712634286249,0.33076923076923076,-316.5814776839753,-615.1629553679506,True,4.813483254102911,9.775676647050556e-07,0.03653846153846154,0.13846153846153847,0.3096153846153846,0.5153846153846153,0.0
NURSE,7E_1603292452,552,,,,,,,0.0,0.28871835029104886,0.3,False,,,,97.32583026880778,212.65166053761556,False,0.0,0.5,0.0,0.0,0.0,0.0,0.0
NURSE,83_1603929757,1212,,,,,,,0.0,0.1791597381420688,0.09011010782176054,False,,,,-363.9526636380396,-709.9053272760792,False,0.0,0.5,0.0,0.0,0.0,0.0,0.0
NURSE,CE_1586788313,545,4.236446518400103,2.0209257329796584,-2.3555828556152387,0.3377903013147156,1.2629681309281777,-24.0840828060841,0.004357517265874776,0.13616026291894967,0.3,True,-5.203486351882104,3.6552045979118355,0.01834862385321101,-312.79137759913306,-607.5827551982661,True,1.5447398671260697,0.06149913936247341,0.27706422018348625,0.20550458715596331,0.01834862385321101,0.4990825688073395,0.0
NURSE,DF_1594231189,374,,,,,,,0.0,0.6086465875285056,0.001,False,,,,344.0630469646567,706.1260939293134,False,0.0,0.5,0.0,0.0,0.0,0.0,0.0
NURSE,E4_1587206108,518,,,,,,,0.0,0.17346268211544827,0.012236649952450607,False,,,,-172.08565148795455,-326.1713029759091,False,0.0,0.5,0.0,0.0,0.0,0.0,0.0
NURSE,EG_1603463571,1160,,,,,,,0.0,0.47727760795642726,0.010747713218569923,False,,,,787.2873316931291,1592.5746633862582,False,0.0,0.5,0.0,0.0,0.0,0.0,0.0
NURSE,F5_1594141473,481,,,,,,,0.0,0.11051300196779242,0.27077014978373076,False,,,,-376.1681120998678,-734.3362241997356,False,0.0,0.5,0.0,0.0,0.0,0.0,0.0
NURSE,15_1594149654,70,1.8686840369564215,-0.6189454347264051,-0.6019752301235223,-0.5770647641271367,4.6789099044767894,-1.9482503079591762,0.0345413589846724,0.16548023774178283,0.3,True,3.838272390598794,1.8977992834834534,0.7571428571428571,-26.21758275787453,-34.43516551574906,True,1.3333886922779072,0.09364136424280106,0.0,0.02857142857142857,0.15714285714285714,0.7857142857142857,0.02857142857142857
NURSE,5C_1586886712,784,,,,,,,0.0,0.07791070604975142,0.1540873289366303,False,,,,-887.337388004738,-1756.674776009476,False,0.0,0.5,0.0,0.0,0.0,0.0,0.0
NURSE,6B_1587585327,526,4.211282605402325,6.6434627108152995,-1.0262754040568207,-2.100268464512533,6.153944060577702,-10.079660335961677,0.0042762749708286155,0.27745178608855203,0.277013386116227,True,1.1297300175262048,4.337231271840276,0.2376425855513308,71.83597495660966,161.67194991321932,True,0.7877286962591487,0.21560785756879236,0.06463878326996197,0.23574144486692014,0.16539923954372623,0.5304182509505704,0.0038022813688212928
NURSE,6D_1594757863,94,,,,,,,0.0,0.34574390070199595,0.001,False,,,,33.189987296809825,84.37997459361965,False,0.0,0.5,0.0,0.0,0.0,0.0,0.0
NURSE,7A_1587228286,566,,,,,,,0.0,0.11108105252419774,0.001,False,,,,-439.88448352727323,-861.7689670545465,False,0.0,0.5,0.0,0.0,0.0,0.0,0.0
NURSE,7E_1603309557,147,3.0001215468690554,8.637763345061115,-2.1978109271591157,-0.959641276561889,31.25064080704701,-57.90318106923362,0.00834757625216259,0.563852936943501,0.019094363865490082,True,-5.946286601886438,3.309270724593971,0.10884353741496598,123.51260135640337,265.02520271280673,True,1.4597549866922455,0.07330689744488784,0.24489795918367346,0.21768707482993196,0.034013605442176874,0.46938775510204084,0.034013605442176874
NURSE,83_1603966680,316,,,,,,,0.0,0.1525840880770321,0.103816643855781,False,,,,-145.24678490715215,-272.4935698143043,False,0.0,0.5,0.0,0.0,0.0,0.0,0.0
NURSE,8B_1594153037,85,0.31720948120853565,0.2976306916384012,-0.47870221669817237,0.21959606462006084,5.500170436198682,-15.752465824655753,0.14398339102306681,0.2914484289374687,0.029293970382021337,True,0.14312037888277512,0.17676101250864734,0.3176470588235294,15.627891568387023,49.25578313677404,True,5.259153790871492,6.303720909069936e-07,0.15294117647058825,0.12941176470588237,0.2235294117647059,0.47058823529411764,0.023529411764705882
NURSE,BG_1603681317,98,13.82398540517243,-12.208174745671633,34.529832477139436,-9.201391760846798,-42.748933092079255,614.633174507564,0.008594393381720316,1.0879332513525368,0.001,True,-14.416246577530144,16.549031967730976,0.0,145.8121779999744,309.6243559999488,True,0.7385291437294169,0.23105726871187804,0.2653061224489796,0.23469387755102042,0.0,0.5,0.0
NURSE,DF_1594296700,218,,,,,,,0.0,0.6219136819210123,0.023361283956808872,False,,,,204.84465001583703,427.68930003167407,False,0.0,0.5,0.0,0.0,0.0,0.0,0.0
NURSE,E4_1587236732,62,37.241938056530216,18.377463932687863,-8.07241263693359,46.86097491315084,12.447832591520655,-58.74300081115371,0.002271564895133405,0.4676650568361869,0.14542696908795655,True,-11.16028772464181,48.06464639220129,0.03225806451612903,40.19507180682004,98.39014361364008,True,0.21210829579374363,0.41641056939777693,0.27419354838709675,0.20967741935483872,0.016129032258064516,0.5,0.0
NURSE,15_1594213322,183,-0.17782652316146433,-0.415877145136772,0.31468454261927625,-1.55738337681206,-5.116960351574876,10.007875600322642,0.014895347875339818,0.2836006394704626,0.020876632448416785,True,-2.51746277721377,-0.3310702861961156,0.00546448087431694,28.892555275282728,75.78511055056546,True,0.5876200201352352,0.27877241246886153,0.2459016393442623,0.2568306010928962,0.0,0.4972677595628415,0.0
NURSE,5C_1587297777,1072,0.015014370774588894,0.6661140262478296,0.007289912608997174,0.39656529344434716,1.0137647128211733,-0.7536856527295428,0.009120331304824422,0.07644987478032497,0.3,True,0.7645925635246481,0.14388902133552675,0.27705223880597013,-1233.9863343774005,-2449.972668754801,True,2.629912456099206,0.004331977137158356,0.10727611940298508,0.20615671641791045,0.2042910447761194,0.458955223880597,0.02332089552238806
NURSE,6B_1587653438,163,1.6313975259356202,0.776180043031415,1.335894117758291,-0.053768797386997504,2.848867565676814,-10.527910309875143,0.015082095169439693,0.2485392222383097,0.09435992091575354,True,-0.11732957117078181,1.9332626299845377,0.2147239263803681,4.338995570304759,26.677991140609517,True,2.5540236182843534,0.005806535589252915,0.06134969325153374,0.25153374233128833,0.18404907975460122,0.5030674846625767,0.0
NURSE,6D_1594831043,262,,,,,,,0.0,0.5969495658321439,0.06061048954320784,False,,,,235.68714590759117,489.37429181518235,False,0.0,0.5,0.0,0.0,0.0,0.0,0.0
NURSE,7A_1587298286,455,,,,,,,0.0,0.07655177290536717,0.3,False,,,,-522.485656585958,-1026.971313171916,False,0.0,0.5,0.0,0.0,0.0,0.0,0.0
NURSE,83_1604016419,1502,,,,,,,0.0,0.19707113482031627,0.14836164008802674,False,,,,-308.0832396294901,-598.1664792589802,False,0.0,0.5,0.0,0.0,0.0,0.0,0.0
NURSE,94_1587209323,1212,,,,,,,0.0,0.3146281633452677,0.3,False,,,,317.978036737008,653.956073474016,False,0.0,0.5,0.0,0.0,0.0,0.0,0.0
NURSE,BG_1603685056,63,,,,,,,0.0,0.5519861672504285,0.18507191361874029,False,,,,51.13178693311583,120.26357386623167,False,0.0,0.5,0.0,0.0,0.0,0.0,0.0
NURSE,CE_1587568353,1091,,,,,,,0.0,0.42937075072895714,0.11400808572722264,False,,,,625.1193826067981,1268.2387652135963,False,0.0,0.5,0.0,0.0,0.0,0.0,0.0
NURSE,DF_1594305457,657,-0.006792824845817073,-1.2347494232276552,-1.335551186035163,-0.3834885892731106,-10.502982675864864,6.896829211933455,0.01302842739418408,0.3286394985980475,0.06466577818805548,True,-6.523970846839193,-0.7130091129165014,0.0715372907153729,200.8308938597618,419.6617877195236,True,1.1445999754758567,0.1263984238526252,0.3257229832572298,0.2009132420091324,0.0,0.4550989345509893,0.0182648401826484
NURSE,E4_1587241555,377,4.694878924749296,1.6119870100477531,-0.41405178400127707,-4.185016811721867,24.697294691735426,-40.71166827981987,0.005806712178112217,0.3038398809969008,0.004538329539812654,True,2.0713735564516154,4.066938284229956,0.2917771883289125,85.6092252181475,189.218450436295,True,2.5689018152932808,0.005297252872048234,0.1830238726790451,0.1246684350132626,0.1246684350132626,0.5649867374005305,0.002652519893899204
NURSE,F5_1594218280,161,,,,,,,0.0,0.4143508260836856,0.04654381583833884,False,,,,86.06340403221408,190.12680806442816,False,0.0,0.5,0.0,0.0,0.0,0.0,0.0
NURSE,15_1594220239,495,6.8808853830324725,1.4954669955200788,-5.036005647075959,-0.35922088054351786,25.55641910130539,-81.74016060872125,0.003477552709733873,0.3657108464829625,0.001,True,-1.9031587798785108,5.514980817776869,0.1292929292929293,204.0349617935401,426.0699235870802,True,1.2820043873437392,0.10022553277545726,0.2383838383838384,0.26262626262626265,0.0,0.46464646464646464,0.03434343434343434
NURSE,5C_1587336033,80,1.7393403283562812,0.10836467372689332,-0.05197141701684574,-0.3593480867288465,0.21165554994596847,98.34326531091314,0.025075240434227316,0.174024523019336,0.001,True,1.0886252116145456,1.740844026835752,0.075,-26.040021048468777,-34.080042096937554,True,0.9247447272647233,0.17909387220786677,0.25,0.25,0.0,0.5,0.0
NURSE,6D_1594910470,682,-0.46849627989691445,2.066499238035307,0.19261146428118311,-2.0133549861424656,8.326104317838903,-55.037345482446526,0.00628561793080066,0.16846479838397624,0.001,True,-0.953901632815246,-0.580911931552033,0.1495601173020528,-246.58324197446817,-475.16648394893633,True,1.4979719510820886,0.06730435421410733,0.23313782991202345,0.24780058651026393,0.017595307917888565,0.43841642228739003,0.06304985337243402
NURSE,7A_1587326219,91,-0.6545994708065026,0.2737678001149415,-0.5651588670091621,0.07394415578496956,12.000428424807266,-117.21043749205741,0.0224448799855917,0.08079089133670159,0.002239127739989461,True,-1.4702805839646111,-0.7948580288764441,0.17582417582417584,-98.72572658278008,-179.45145316556017,True,5.524517603782596,1.8558661335289426e-07,0.24175824175824176,0.26373626373626374,0.0,0.34065934065934067,0.15384615384615385
NURSE,83_1604103283,1454,,,,,,,0.0,0.15882964980089337,0.001149809672112804,False,,,,-611.6904825688962,-1205.3809651377924,False,0.0,0.5,0.0,0.0,0.0,0.0,0.0
NURSE,94_1587293342,406,,,,,,,0.0,0.2809765935325689,0.001,False,,,,60.52912233515652,139.05824467031306,False,0.0,0.5,0.0,0.0,0.0,0.0,0.0
NURSE,CE_1587640779,205,,,,,,,0.0,0.6017840811632225,0.00962248367809345,False,,,,185.86072107014152,389.72144214028305,False,0.0,0.5,0.0,0.0,0.0,0.0,0.0
NURSE,DF_1594385893,315,,,,,,,0.0,0.47442142456671077,0.0540719675315484,False,,,,211.40968835694093,440.81937671388187,False,0.0,0.5,0.0,0.0,0.0,0.0,0.0
NURSE,EG_1603574790,392,-1.326563952898094,-0.35501191647553465,-0.04638952244362043,-0.31337272123675214,-1.333411147079436,2.760479731254423,0.03547331562148152,0.3353661598897738,0.3,True,-0.13172550240069753,-1.3808436052074218,0.1326530612244898,127.62482566171414,273.2496513234283,True,2.14841308448449,0.016152907585919113,0.2729591836734694,0.22704081632653061,0.0,0.3673469387755102,0.1326530612244898
NURSE,F5_1594223270,382,,,,,,,0.0,0.5406961857172389,0.0011706247424267597,False,,,,306.33954336878713,630.6790867375743,False,0.0,0.5,0.0,0.0,0.0,0.0,0.0
NURSE,15_1594238057,101,9.768347934499166,-4.838172715698995,-1.0272924619534531,2.1743103037465783,13.538702234534098,-19.50911551691985,0.01052529357847357,0.3597444240871495,0.3,True,4.381808665175363,9.400870037399693,0.504950495049505,39.65771004596095,97.3154200919219,True,1.6668995858752855,0.049449415747340415,0.039603960396039604,0.06930693069306931,0.21782178217821782,0.6732673267326733,0.0
NURSE,6D_1594998483,561,,,,,,,0.0,0.14987212703321384,0.03319930635009254,False,,,,-268.2592089518104,-518.5184179036208,False,0.0,0.5,0.0,0.0,0.0,0.0,0.0
NURSE,7A_1587556854,880,,,,,,,0.0,0.1412193128255413,0.001,False,,,,-473.34383259043904,-928.6876651808781,False,0.0,0.5,0.0,0.0,0.0,0.0,0.0
NURSE,8B_1594300904,193,,,,,,,0.0,0.1940863599780321,0.05304697978093944,False,,,,-42.33859799809517,-66.67719599619033,False,0.0,0.5,0.0,0.0,0.0,0.0,0.0
NURSE,DF_1594662154,489,,,,,,,0.0,0.34289012497992577,0.00964815206236754,False,,,,170.1135375905136,358.2270751810272,False,0.0,0.5,0.0,0.0,0.0,0.0,0.0
NURSE,E4_1587298478,128,2.85786245007035,-0.6762650202444499,-0.7150100619484515,-0.22958377483318423,3.0931810294028788,-412.94621545114353,0.010506839875464836,0.0701344780489174,0.001,True,-1.8856624994613194,2.707042802127482,0.078125,-157.2770834290692,-296.5541668581384,True,0.3603282698633428,0.359617555692192,0.140625,0.2890625,0.0625,0.5078125,0.0
NURSE,EG_1603627843,1113,,,,,,,0.0,0.46084934298615304,0.06474924916092437,False,,,,716.4109361731003,1450.8218723462005,False,0.0,0.5,0.0,0.0,0.0,0.0,0.0
NURSE,F5_1594235058,254,,,,,,,0.0,0.26647523174872195,0.07574086383619356,False,,,,24.405532283477896,66.81106456695579,False,0.0,0.5,0.0,0.0,0.0,0.0,0.0
NURSE,15_1594298975,402,,,,,,,0.0,0.34334224459484025,0.16786123660550936,False,,,,140.3143116303245,298.628623260649,False,0.0,0.5,0.0,0.0,0.0,0.0,0.0
NURSE,5C_1587569014,624,3.8844621791194984,-0.024556671653885132,0.17986082413516216,-0.7908418225521486,-11.554938913816803,54.39283438468641,0.0022755871427945175,0.16590844899425833,0.001,True,-5.941455707461648,3.8341343838890327,0.0,-235.10812728323452,-452.21625456646905,True,0.3804159655662243,0.35188390206202297,0.24358974358974358,0.2564102564102564,0.0,0.5,0.0
NURSE,6B_1588961203,208,6.988847690007627,4.083771427178581,-1.8897649291471426,-0.07897228595295637,-3.0310232621434716,-24.874321808653995,0.0051049384248078615,0.2738978910429105,0.3,True,-10.684351439355407,5.891220932042588,0.0,25.65529656072061,69.31059312144123,True,0.6094056188240115,0.27147363857918216,0.3269230769230769,0.17307692307692307,0.0,0.5,0.0
NURSE,7A_1587583295,598,,,,,,,0.0,0.12363054191134429,0.3,False,,,,-400.8969196763885,-783.793839352777,False,0.0,0.5,0.0,0.0,0.0,0.0,0.0
NURSE,7E_1603373768,836,,,,,,,0.0,0.28212252546264227,0.2786487620479057,False,,,,128.19313974249465,274.3862794849893,False,0.0,0.5,0.0,0.0,0.0,0.0,0.0
NURSE,83_1604190038,813,,,,,,,0.0,0.12245975588354496,0.08578218274019665,False,,,,-552.9998460523749,-1087.9996921047498,False,0.0,0.5,0.0,0.0,0.0,0.0,0.0
NURSE,8B_1594313953,211,,,,,,,0.0,0.2012879027847657,0.1346369478786343,False,,,,-38.65690718257877,-59.31381436515754,False,0.0,0.5,0.0,0.0,0.0,0.0,0.0
NURSE,BG_1603693561,133,,,,,,,0.0,1e-06,0.008661045946325092,False,,,,-1636.3475072682675,-3254.695014536535,False,0.0,0.5,0.0,0.0,0.0,0.0,0.0
NURSE,CE_1587647855,289,,,,,,,0.0,0.1729187886593971,0.001,False,,,,-96.76647106870328,-175.53294213740656,False,0.0,0.5,0.0,0.0,0.0,0.0,0.0
NURSE,DF_1594757884,69,2.0864345477581514,1.5152473379409783,-1.8643549245017885,0.0772123890385469,4.61551216806504,-10.075653371876431,0.04473194126447773,0.3334754849159139,0.13421516260882121,True,0.6622944624234587,1.7634326480645612,0.3188405797101449,21.811177369725947,61.62235473945189,True,2.20889197887724,0.01547424698979076,0.10144927536231885,0.13043478260869565,0.17391304347826086,0.5652173913043478,0.028985507246376812
NURSE,E4_1587302737,214,2.6640871230654004,0.9422665475206136,0.4880437142644875,0.7457348254113957,8.268285809464643,-15.757592154384131,0.008695568320205646,0.1283139199847025,0.06920218002639963,True,1.4742392107365765,2.9643216166107793,0.42990654205607476,-135.11377768724395,-252.2275553744879,True,1.173566862131548,0.12096181620908289,0.056074766355140186,0.08878504672897196,0.2102803738317757,0.6448598130841121,0.0
NURSE,F5_1594390055,401,,,,,,,0.0,0.38956239955692123,0.001,False,,,,190.48292438239093,398.96584876478187,False,0.0,0.5,0.0,0.0,0.0,0.0,0.0
NURSE,15_1594311202,465,,,,,,,0.0,0.21835047756331125,0.02857322927805347,False,,,,-47.65988931789873,-77.31977863579746,False,0.0,0.5,0.0,0.0,0.0,0.0,0.0
NURSE,6B_1588970444,430,,,,,,,0.0,0.5289844530777098,0.07200870119298465,False,,,,335.5390451478235,689.078090295647,False,0.0,0.5,0.0,0.0,0.0,0.0,0.0
NURSE,6D_1595339521,293,8.35106076292455,2.139219216267614,12.91745721097167,18.03375228608045,16.421333814169977,-90.80353481781141,0.005056569395979612,0.3215600354392979,0.003400975481439572,True,-13.230543095087667,18.17534802102773,0.07508532423208192,83.03531464070323,184.07062928140647,True,1.943661417907613,0.026460226873658454,0.22184300341296928,0.20819112627986347,0.06484641638225255,0.5051194539249146,0.0
NURSE,7A_1587643240,1537,1.9603971076654374,9.095968247142514,25.486161071343147,26.570279483735103,61.445235120850086,-62.56062583740915,0.0003424780521090961,0.13228497454813126,0.0024522897669530036,True,11.435279410974529,13.939033214713604,0.41574495770982434,-927.5262753346616,-1837.0525506693232,True,0.819993438012294,0.2061738270891345,0.13012361743656473,0.16135328562134027,0.15810019518542615,0.48991541964866625,0.0605074821080026
NURSE,83_1604214785,141,,,,,,,0.0,0.25927326522605876,0.3,False,,,,9.669217293577017,37.33843458715403,False,0.0,0.5,0.0,0.0,0.0,0.0,0.0
NURSE,8B_1594320348,60,3.972660255080645,9.148404521717811,8.905093887695186,31.704419148304805,20.759395593228327,-1141.9091173250467,0.014046725477275025,0.48104522115147186,0.001,True,-12.044082918317404,4.847405428557997,0.3333333333333333,40.54152755184896,99.08305510369792,True,1.4250781884038872,0.08005471200585725,0.2833333333333333,0.05,0.08333333333333333,0.5166666666666667,0.06666666666666667
NURSE,CE_1587660308,790,,,,,,,0.0,0.3045114232105156,0.011265879559545614,False,,,,181.38467384549656,380.76934769099313,False,0.0,0.5,0.0,0.0,0.0,0.0,0.0
NURSE,DF_1594907019,955,,,,,,,0.0,0.4480232207994837,0.3,False,,,,587.691014833931,1193.382029667862,False,0.0,0.5,0.0,0.0,0.0,0.0,0.0
NURSE,E4_1587312370,63,,,,,,,0.0,0.18304442336116225,0.3,False,,,,-17.30344805084116,-16.606896101682317,False,0.0,0.5,0.0,0.0,0.0,0.0,0.0
NURSE,EG_1603895434,879,,,,,,,0.0,0.4428603771289212,0.2774110443918362,False,,,,530.6963873535382,1079.3927747070763,False,0.0,0.5,0.0,0.0,0.0,0.0,0.0
NURSE,15_1594325201,198,0.8529580032883018,0.2953237216880624,0.02145995772875857,1.4099003369398446,4.390561470896472,-8.97262135834929,0.010451067173688568,0.15490978429265012,0.08642093848296166,True,1.1817759519159152,1.220479064605448,0.3838383838383838,-87.85684552041583,-157.71369104083166,True,1.047255786959496,0.1481560087668231,0.030303030303030304,0.18181818181818182,0.25757575757575757,0.5252525252525253,0.005050505050505051
NURSE,5C_1587593875,138,-1.8867062776597665,0.4334287880823676,2.2750850773895044,0.04206263584127826,1.7410849357578777,-4.695880049013063,0.023023333382834254,0.6840973339475754,0.08172093304822056,True,0.22441204616934532,-1.222857474039856,0.07246376811594203,142.38183440554437,302.76366881108873,True,2.370753773067211,0.00961037371177049,0.2391304347826087,0.1956521739130435,0.06521739130434782,0.5,0.0
NURSE,6B_1589052301,191,-0.011176564060070043,4.670830515107899,-4.63487362665504,5.866825166897519,-6.77009335577137,-10.45472716522578,0.011359336914441647,0.38144823274788564,0.1317341532386969,True,-9.890850327261154,-0.45862106104664585,0.0,86.48009633498485,190.9601926699697,True,0.7023618747892788,0.24167296488672846,0.33507853403141363,0.16753926701570682,0.0,0.4973821989528796,0.0
NURSE,6D_1595523837,348,19.561940386141586,3.2155609495190673,0.8222671323781452,-7.2658850354325,16.498650352304946,-47.160495692407714,0.0029498444419901355,0.31764711245848487,0.3,True,-4.743377171415646,17.740004867263384,0.22988505747126436,94.42713611460148,206.85427222920296,True,0.2899745472423973,0.3860062370743697,0.06321839080459771,0.22988505747126436,0.10057471264367816,0.6063218390804598,0.0
NURSE,83_1604224222,412,,,,,,,0.0,0.19424323962734413,0.3,False,,,,-90.2989849826786,-162.5979699653572,False,0.0,0.5,0.0,0.0,0.0,0.0,0.0
NURSE,BG_1603929659,114,,,,,,,0.0,0.5476764686413953,0.20583043020113412,False,,,,92.30608186807535,202.6121637361507,False,0.0,0.5,0.0,0.0,0.0,0.0,0.0
NURSE,DF_1594991923,851,19.16257629634243,-1.059330242194307,16.8447735143598,-5.63403874055967,8.184825146021328,-50.90760912565905,0.001952412547520585,0.46368797957222113,0.06995196656658131,True,-17.996607110077687,25.658934413978166,0.01880141010575793,552.8358540647608,1123.6717081295217,True,0.931465951091966,0.17593963288583941,0.27497062279670975,0.22209165687426558,0.010575793184488837,0.49236192714453586,0.0
NURSE,F5_1594403655,642,,,,,,,0.0,0.400030223107547,0.02945958805902296,False,,,,322.24567135307103,662.4913427061421,False,0.0,0.5,0.0,0.0,0.0,0.0,0.0
NURSE,6B_1589901451,160,,,,,,,0.0,0.506749751147095,0.07726416206076213,False,,,,117.53288720804083,253.06577441608167,False,0.0,0.5,0.0,0.0,0.0,0.0,0.0
NURSE,6D_1595604487,622,,,,,,,0.0,0.3483906839068229,0.3,False,,,,226.3593184606581,470.7186369213162,False,0.0,0.5,0.0,0.0,0.0,0.0,0.0
NURSE,7A_1588977047,227,,,,,,,0.0,0.5224735757926338,0.012368929534258279,False,,,,173.96523209495868,365.93046418991736,False,0.0,0.5,0.0,0.0,0.0,0.0,0.0
NURSE,7E_1603719136,377,5.3185164893627475,23.59921733660688,11.05594290169888,24.441671040985653,-6.053562418294022,-101.10313828752041,0.00211833301449118,0.443263981686831,0.002073874429736781,True,-28.796068770561426,15.513513049413435,0.0,227.61112708527648,473.22225417055296,True,0.7432707916509281,0.2288953542039034,0.26790450928381965,0.23342175066312998,0.0,0.4986737400530504,0.0
NURSE,83_1604278781,859,,,,,,,0.0,0.16991726272258761,0.022174182701305133,False,,,,-303.30739044287566,-588.6147808857513,False,0.0,0.5,0.0,0.0,0.0,0.0,0.0
NURSE,CE_1588162715,314,,,,,,,0.0,0.3464118669435252,0.001,False,,,,112.30805842041399,242.61611684082797,False,0.0,0.5,0.0,0.0,0.0,0.0,0.0
NURSE,DF_1595273281,282,,,,,,,0.0,0.7316587106984606,0.05255738857346868,False,,,,310.92577424554486,639.8515484910897,False,0.0,0.5,0.0,0.0,0.0,0.0,0.0
NURSE,E4_1587318394,183,,,,,,,0.0,0.08998393537271,0.001,False,,,,-180.0317768773631,-342.0635537547262,False,0.0,0.5,0.0,0.0,0.0,0.0,0.0
NURSE,EG_1603972494,690,-2.4285838214905633,-6.686841479529601,-8.455735329934688,11.198872942631118,48.95163876711834,-177.29114517300562,0.0016110813459742858,0.37433419444770893,0.002644880343503961,True,-29.845544816069904,-2.5767411606749926,0.030434782608695653,300.63290005183774,619.2658001036755,True,0.8428220624124293,0.19981172290195437,0.26231884057971017,0.23768115942028986,0.0,0.4811594202898551,0.01884057971014493
NURSE,F5_1594647650,735,55.168385139789706,9.345955110137611,-32.45611751465408,-45.13584169702148,-310.83695105120796,802.179513971419,0.0003298604023751765,0.41351816197228486,0.001,True,-190.14213462035318,37.335021391553504,0.017687074829931974,393.33936265563995,804.6787253112799,True,0.18077031417287093,0.4282991229334491,0.3020408163265306,0.19863945578231293,0.0,0.4993197278911565,0.0
NURSE,15_1594380033,285,,,,,,,0.0,0.3027453431873336,0.2772567352554096,False,,,,63.63737237102613,145.27474474205226,False,0.0,0.5,0.0,0.0,0.0,0.0,0.0
NURSE,5C_1587661745,409,,,,,,,0.0,0.10653751132221415,0.3,False,,,,-334.6903982910787,-651.3807965821574,False,0.0,0.5,0.0,0.0,0.0,0.0,0.0
NURSE,6B_1590172247,510,8.12910073647656,-4.204982199905899,24.943108980531285,4.4959469768874465,-109.50386145128535,195.39617553652715,0.00097795089132611,0.5128471936808691,0.001,True,-95.6331484214207,15.050181728162777,0.0,382.34104415923946,782.6820883184789,True,0.18986542325956657,0.42474566757932586,0.2529411764705882,0.24705882352941178,0.0,0.5,0.0
NURSE,83_1604314003,363,2.2062351291596887,1.639611859499786,8.143561761168144,-8.578680018252268,-1.374415395407816,-19.501314663559636,0.004201752198926579,0.3279775370761021,0.031379146861545235,True,-11.790931482476218,3.749080894270255,0.0,110.09447201694906,238.1889440338981,True,1.2692451116040182,0.102592570988565,0.26170798898071623,0.2396694214876033,0.0,0.4986225895316804,0.0
NURSE,94_1587327523,191,,,,,,,0.0,0.30947443274946324,0.17790046923181538,False,,,,46.75115959188056,111.50231918376112,False,0.0,0.5,0.0,0.0,0.0,0.0,0.0
NURSE,BG_1603934355,247,,,,,,,0.0,0.3528648928083993,0.3,False,,,,92.80805050127587,203.61610100255174,False,0.0,0.5,0.0,0.0,0.0,0.0,0.0
NURSE,CE_1588172175,576,,,,,,,0.0,0.10906558703928235,0.14107528974815967,False,,,,-458.19871391628527,-898.3974278325705,False,0.0,0.5,0.0,0.0,0.0,0.0,0.0
NURSE,DF_1595337957,920,15.266490298568291,7.066242559626863,2.7854818331938698,0.6138067971585401,3.345400873248841,-39.85248813220901,0.0018602310126239747,0.46447600647352033,0.04796389265881284,True,-19.133980139981528,16.64262715107827,0.0,599.2736109320451,1216.5472218640903,True,0.9445173491842271,0.1725777473779967,0.2467391304347826,0.2532608695652174,0.0,0.5,0.0
NURSE,E4_1587324331,66,-3.552598951306327,1.5476448269553467,7.342942575161897,2.996323689505095,16.415833019009337,-57.76368199765376,0.01937046946094431,0.36736427007968075,0.01607890505608562,True,-2.14414718472364,-0.5564679754790341,0.15151515151515152,27.139916150011523,72.27983230002305,True,1.4355601531752682,0.07824942810657043,0.2727272727272727,0.16666666666666666,0.030303030303030304,0.48484848484848486,0.045454545454545456
NURSE,EG_1603993236,289,,,,,,,0.0,0.5048821993963188,0.1343650675187669,False,,,,211.8264156761533,441.6528313523066,False,0.0,0.5,0.0,0.0,0.0,0.0,0.0
NURSE,F5_1594671025,119,4.584274498046929,0.40308599309263254,8.071386938118499,-0.3022256043203411,25.90831320742863,-327.1833699767305,0.007993451581652985,0.26873328614874487,0.001,True,14.412842830114084,6.904181957962807,0.6890756302521008,12.378511597410997,42.757023194822,True,1.711428570261928,0.044897475489565464,0.0,0.0,0.20168067226890757,0.7394957983193278,0.058823529411764705
NURSE,15_1595334888,251,14.440732830602151,11.193640200177196,8.521461700666688,3.877037560369409,-36.46324457687625,214.40700305048986,0.003882736145407184,0.5498225706769339,0.001,True,-8.470159249143375,18.22067266182953,0.05976095617529881,205.19472040841612,428.38944081683223,True,0.8196860387214709,0.20659917570651798,0.2908366533864542,0.1553784860557769,0.035856573705179286,0.5139442231075697,0.00398406374501992
