dataset,subject,lrt_stat,p_nested,alpha0_full,n_boot,lam_t_obs,lam_t_null_p95,p_rw_lam_t,lr_obs,lr_null_p95,p_rw_lr,bimodality_obs,bimodality_null_p95,p_rw_bimodality,alpha0_obs,alpha0_null_p95,p_rw_alpha0
WESAD,S2,8.376902777080545,0.9603960396039604,,100,0.0,3.06488991254382,1.0,8.376902777080545,9.911798874855515,0.09900990099009901,58.991820265820195,107.99466945541576,0.22772277227722773,,4.669884149324902,
WESAD,S3,33.13012783115323,0.009900990099009901,3.507895828650407,100,2.4182868178636943,3.1144519415126437,0.15841584158415842,33.13012783115323,11.220749343847901,0.009900990099009901,76.85547337192759,114.07470715470484,0.13861386138613863,3.507895828650407,5.926891515361397,0.1875
WESAD,S4,9.62947633979934,0.594059405940594,5.579401601989582,100,2.021049918538391,2.9303292276030772,0.25742574257425743,9.62947633979934,13.483948322392633,0.09900990099009901,113.11898290797046,113.54188667614804,0.06930693069306931,5.579401601989582,6.285477899823661,0.07368421052631578
WESAD,S5,15.003412775085053,0.009900990099009901,5.5708430546494085,100,3.060858900108468,2.8151909216804967,0.04950495049504951,15.003412775085053,10.023158736336665,0.019801980198019802,100.61562385137427,122.6150643424853,0.07920792079207921,5.5708430546494085,8.048739102172833,0.1276595744680851
WESAD,S6,10.814099203633873,0.5247524752475248,6.134686607961634,100,0.600071995882545,3.5268803344176267,0.7920792079207921,10.814099203633873,12.792389405044645,0.10891089108910891,12.344025649563036,156.58440088891982,0.5742574257425742,6.134686607961634,7.026361923728883,0.07692307692307693
WESAD,S7,16.697142698044843,0.009900990099009901,10.093711617723175,100,4.29050851890563,3.3855667929908764,0.019801980198019802,16.697142698044843,10.419463586838896,0.019801980198019802,50.41700395978887,122.69122317356091,0.26732673267326734,10.093711617723175,14.62111903991224,0.20430107526881722
WESAD,S8,19.285546482748828,0.5643564356435643,3.274100545073078,100,3.6416056698761374,2.9348323344713583,0.009900990099009901,19.285546482748828,10.781874051091725,0.009900990099009901,85.01748441523279,111.46669545973266,0.10891089108910891,3.274100545073078,3.9879046922321475,0.10752688172043011
WESAD,S9,19.420145637219093,0.7128712871287128,,100,0.0,3.2848283949392436,1.0,19.420145637219093,13.704856902038058,0.009900990099009901,78.44527342983537,78.89897368391914,0.0594059405940594,,8.017664459878663,
WESAD,S10,20.041851314477753,0.8712871287128713,51.21357586797066,100,0.5559209208272666,2.850922595434998,0.7227722772277227,20.041851314477753,12.437050884957017,0.009900990099009901,54.24362541669905,121.05454448614769,0.25742574257425743,51.21357586797066,9.67994313261634,0.011764705882352941
WESAD,S11,22.970659724932716,1.0,,100,0.0,3.3645233438514306,1.0,22.970659724932716,11.790048695668881,0.009900990099009901,157.02070061512472,112.72806093895632,0.009900990099009901,,3.0441570542910554,
WESAD,S13,101.68127628876994,0.009900990099009901,-7.275079373495856,100,7.554939840508018,2.6204955216714483,0.009900990099009901,101.68127628876994,9.008239027467765,0.009900990099009901,262.7590348615929,85.11432234432674,0.009900990099009901,-7.275079373495856,10.116065376923425,0.9895833333333334
WESAD,S14,17.19000309344517,0.9702970297029703,,100,0.0,3.5079570830558042,1.0,17.19000309344517,12.0555630280296,0.019801980198019802,-8.413328185760065,128.08367620818092,0.9207920792079208,,8.354955615206427,
WESAD,S15,0.8682965594404379,0.7920792079207921,,100,0.0,2.922157270795943,1.0,0.8682965594404379,10.916990237063436,0.8613861386138614,41.687125249965106,104.40546303388876,0.2871287128712871,,15.30580259211938,
WESAD,S16,5.251879694105355,0.18811881188118812,,100,0.0,3.537643249810315,1.0,5.251879694105355,12.674656595389981,0.40594059405940597,61.30679258860329,125.851590660461,0.27722772277227725,,5.200784249496119,
WESAD,S17,4.990867164063616,0.8415841584158416,4.180743892323107,100,1.3938997105520516,3.3135059085463108,0.594059405940594,4.990867164063616,14.719279659502634,0.31683168316831684,10.913242782748398,129.03423172329522,0.6435643564356436,4.180743892323107,6.0013339166077175,0.1111111111111111
EXAM,S1,7.171948978770615,1.0,2.452725244721114,100,1.5484346193643788,3.0239660888897464,0.44554455445544555,7.171948978770615,8.220161102458599,0.1782178217821782,1206.1348491260082,422.05955157584896,0.009900990099009901,2.452725244721114,5.364505748721561,0.21875
EXAM,S1,23.077989727690237,0.21782178217821782,,100,0.0,3.216811568401939,1.0,23.077989727690237,12.037795290996119,0.009900990099009901,523.5947897467645,286.5122978912057,0.009900990099009901,,4.746845911114232,
EXAM,S1,5.386188915789489,0.2376237623762376,2.189345451668012,100,1.9604073184458932,3.264333764194819,0.42574257425742573,5.386188915789489,12.479765954268055,0.32673267326732675,289.9859458818471,231.78133902530192,0.0297029702970297,2.189345451668012,3.2441942545631295,0.16666666666666666
EXAM,S10,2.1166156344729643,0.9306930693069307,,100,0.0,3.0938479163282766,1.0,2.1166156344729643,10.658609942306953,0.6336633663366337,1373.7341401686099,420.18220868858634,0.009900990099009901,,4.924533161532479,
EXAM,S10,24.271360189597544,0.009900990099009901,,100,0.0,3.0091220268934915,1.0,24.271360189597544,10.872842680306496,0.009900990099009901,337.6814372696101,193.82277767235033,0.009900990099009901,,3.587823077650688,
EXAM,S10,11.843223288379932,0.04950495049504951,10.247763808710749,100,0.19708140543757152,2.8319983947805927,0.9306930693069307,11.843223288379932,10.378106215461466,0.039603960396039604,859.5790397484102,260.37231016678857,0.009900990099009901,10.247763808710749,4.205057211044375,0.010309278350515464
EXAM,S2,9.866206492583842,0.0594059405940594,16.61086277811944,100,0.10928780485045195,2.8993920476904798,0.9504950495049505,9.866206492583842,9.65477404740627,0.0594059405940594,1365.0607500054448,607.3987131820295,0.009900990099009901,16.61086277811944,3.9716287578011875,0.020618556701030927
EXAM,S2,2.054813493793972,0.594059405940594,-1.439472252068854,100,0.5981213614898414,3.595633962913946,0.8514851485148515,2.054813493793972,13.64868091720598,0.7227722772277227,285.5755282083575,234.7095104897685,0.04950495049504951,-1.439472252068854,2.8396543720327063,0.9263157894736842
EXAM,S2,1.5293366821931613,0.7920792079207921,1.0661199438775613,100,0.9877067595453338,3.1229124986935695,0.7227722772277227,1.5293366821931613,12.186904312118065,0.8118811881188119,364.92319566799904,272.2128464105716,0.0297029702970297,1.0661199438775613,3.607965858585098,0.46153846153846156
EXAM,S3,10.29545398060327,0.019801980198019802,-0.09680064445815979,100,2.909531484488559,3.196889866930259,0.07920792079207921,10.29545398060327,12.048712700640486,0.0891089108910891,958.3867861356003,542.0464471835987,0.009900990099009901,-0.09680064445815979,5.053641199908041,0.7291666666666666
EXAM,S3,100.82270695809257,0.009900990099009901,,100,0.0,3.1616810042270074,1.0,100.82270695809257,10.776718916652401,0.009900990099009901,248.38802023804874,213.96992089344437,0.019801980198019802,,2.9422011130049697,
EXAM,S3,3.315417796907468,0.33663366336633666,,100,0.0,3.262707098372835,1.0,3.315417796907468,10.874553215155423,0.5445544554455446,113.70759641632242,220.67119457205277,0.25742574257425743,,8.555240286836966,
EXAM,S4,18.81995657713105,0.019801980198019802,-0.9459961087554157,100,2.9182953870898927,3.0121602266007588,0.06930693069306931,18.81995657713105,10.899866378248754,0.019801980198019802,811.9891847549992,300.6896499785191,0.009900990099009901,-0.9459961087554157,5.352418292428435,0.925531914893617
EXAM,S4,48.645992091781636,0.009900990099009901,,100,0.0,3.162139999525937,1.0,48.645992091781636,11.096441797533585,0.009900990099009901,783.4789887581844,243.42341743674174,0.009900990099009901,,6.341987683030649,
EXAM,S4,1.3466213454928493,0.7227722772277227,,100,0.0,2.7441757953596486,1.0,1.3466213454928493,9.443304407621497,0.7722772277227723,282.07737438051856,323.61114515240064,0.0891089108910891,,3.099272672137662,
EXAM,S5,38.75002683823482,0.009900990099009901,0.5230482967045498,100,4.183878700527659,3.152362575092737,0.009900990099009901,38.75002683823482,12.483551555562785,0.009900990099009901,691.4463121013714,328.17729709919297,0.019801980198019802,0.5230482967045498,14.046935172729365,0.7659574468085106
EXAM,S5,84.37597426445154,0.009900990099009901,,100,0.0,3.1333640635919986,1.0,84.37597426445154,9.514140276215041,0.009900990099009901,776.2199538041305,227.30348378661972,0.009900990099009901,,4.749113855727402,
EXAM,S5,2.0480744222645626,0.6435643564356436,-13.285164800908277,100,0.2532434662275732,2.9694097313922607,0.9207920792079208,2.0480744222645626,9.865277495803392,0.6336633663366337,539.9804239125517,194.17953992573118,0.009900990099009901,-13.285164800908277,3.238426997204382,0.9895833333333334
EXAM,S6,4.522785392282458,0.9900990099009901,,100,0.0,2.7581057217174156,1.0,4.522785392282458,10.238924506787134,0.32673267326732675,1304.0919426127637,460.92801930607857,0.009900990099009901,,4.683609228349966,
EXAM,S6,-1.5939651978665097,0.7524752475247525,,100,0.0,2.8871361190107265,1.0,-1.5939651978665097,10.015857353831562,1.0,396.23655067519053,195.60776875652476,0.019801980198019802,,3.56507344118342,
EXAM,S6,15.69675725813795,0.8118811881188119,,100,0.0,2.9666274763365306,1.0,15.69675725813795,11.54555803049141,0.019801980198019802,588.7981030307548,314.21959862516417,0.009900990099009901,,3.8409715905318516,
EXAM,S7,23.649733276173492,0.009900990099009901,-10.599463075892695,100,2.005606173930076,2.862512542294963,0.3069306930693069,23.649733276173492,10.83844167361185,0.009900990099009901,464.156155294864,410.8277133197501,0.04950495049504951,-10.599463075892695,6.031581426795801,0.9583333333333334
EXAM,S7,33.68185140519472,0.009900990099009901,,100,0.0,3.0555158956245916,1.0,33.68185140519472,11.593019821780937,0.009900990099009901,760.0977408130279,241.2979258728711,0.009900990099009901,,3.9967436726453216,
EXAM,S7,2.2568580824887476,0.6237623762376238,2.555708237030252,100,1.4907600553931892,2.9140464150195706,0.4158415841584158,2.2568580824887476,11.280758626341097,0.6732673267326733,299.3365959667393,217.09828790316416,0.019801980198019802,2.555708237030252,5.613043019382188,0.24731182795698925
EXAM,S8,29.97499467302714,0.009900990099009901,0.23232412820031995,100,4.917191467293632,2.9857398040140524,0.009900990099009901,29.97499467302714,10.519782600440259,0.009900990099009901,796.8534765138161,357.10530671272727,0.009900990099009901,0.23232412820031995,4.555648488448002,0.711340206185567
EXAM,S8,-4.981755015541239,1.0,,100,0.0,3.1544381063446947,1.0,-4.981755015541239,11.333302219820675,1.0,444.29442535229066,245.19673828258777,0.009900990099009901,,3.5151532473960856,
EXAM,S8,1.486454785549995,0.7920792079207921,-30.768622457109274,100,0.04844800306472506,2.7657146058376982,0.9504950495049505,1.486454785549995,9.021766905313589,0.8217821782178217,475.52797541061005,185.61666563221658,0.009900990099009901,-30.768622457109274,3.865564029373302,1.0
EXAM,S9,4.949961032381395,0.3069306930693069,-16.857388415337265,100,0.3661854717373135,2.934356146619557,0.8811881188118812,4.949961032381395,10.492590500571868,0.3564356435643564,2099.7920834817983,266.91375592380376,0.009900990099009901,-16.857388415337265,44.45751323378623,0.9574468085106383
EXAM,S9,26.371601309377183,0.009900990099009901,,100,0.0,2.9489112897356695,1.0,26.371601309377183,9.687995479352434,0.009900990099009901,465.1553259250158,297.7529748749126,0.019801980198019802,,6.327785372997021,
EXAM,S9,3.476112791601281,0.43564356435643564,-19.117675183098896,100,0.22048058591147165,3.0453922735007066,0.8811881188118812,3.476112791601281,11.512976555892607,0.46534653465346537,677.1988185052343,248.12627330090348,0.009900990099009901,-19.117675183098896,5.320353778805981,0.978021978021978
NURSE,15_1594140175,0.5626810729629028,0.9207920792079208,-10.01552216895523,100,0.16815401824769596,3.0269475079182055,0.8910891089108911,0.5626810729629028,10.704804936142342,0.9306930693069307,70.27684854238174,150.9835844371629,0.27722772277227725,-10.01552216895523,5.022275829227981,0.9891304347826086
NURSE,15_1594149654,6.2371696014396605,0.15841584158415842,2.0384643756506935,100,1.3961508851643212,3.158648178006557,0.42574257425742573,6.2371696014396605,10.991410160820623,0.1782178217821782,58.37233698052668,35.63078918192982,0.019801980198019802,2.0384643756506935,4.444106864363643,0.18085106382978725
NURSE,15_1594213322,0.5887466865350461,0.9207920792079208,0.80560278619449,100,1.4684048156195506,2.9511458607287846,0.43564356435643564,0.5887466865350461,11.046072804703728,0.8910891089108911,48.119055299974605,90.90384186412341,0.22772277227722773,0.80560278619449,5.4635682917415185,0.5730337078651685
NURSE,15_1594220239,13.170609923919443,0.009900990099009901,-1.946858165224157,100,3.172322032909568,3.0436528996287264,0.0297029702970297,13.170609923919443,9.98337789562122,0.0297029702970297,143.62393242231542,263.61939795411575,0.2871287128712871,-1.946858165224157,6.291825676642264,0.8617021276595744
NURSE,15_1594238057,2.1741499474143495,0.900990099009901,-4.654948278593399,100,0.37384746258828194,3.1099329530499054,0.8316831683168316,2.1741499474143495,14.036884237072377,0.6138613861386139,142.28873440172265,55.938638279905895,0.009900990099009901,-4.654948278593399,4.110301368412156,0.9239130434782609
NURSE,15_1594298975,3.97376477698964,0.7623762376237624,,100,0.0,3.2687045714969827,1.0,3.97376477698964,12.427218452719629,0.48514851485148514,211.30146180723955,294.5500273430709,0.15841584158415842,,13.068312373469706,
NURSE,15_1594311202,2.6618470617556795,0.8910891089108911,,100,0.0,2.9810843920353887,1.0,2.6618470617556795,11.098385421859858,0.6633663366336634,37.66797054877043,324.33924414959455,0.6831683168316832,,7.972968380415609,
NURSE,15_1594325201,1.7989352933183795,0.8316831683168316,-0.4194860697939693,100,1.0867143878035952,3.0624097045167407,0.6435643564356436,1.7989352933183795,9.445987193122996,0.6732673267326733,55.96962818098001,108.90976413103061,0.2079207920792079,-0.4194860697939693,4.175992816129222,0.8526315789473684
NURSE,15_1594380033,5.581434329297565,0.12871287128712872,2.375979508307897,100,0.7767926856848993,2.804148144646771,0.7029702970297029,5.581434329297565,11.74844759831784,0.24752475247524752,-3.9029594833715464,167.61103001332782,0.8514851485148515,2.375979508307897,8.159115276111276,0.3626373626373626
NURSE,15_1595334888,7.627780307988928,0.27722772277227725,,100,0.0,2.911305721961508,1.0,7.627780307988928,10.554533604996884,0.1485148514851485,-9.291110665278438,155.66701087273447,0.8811881188118812,,9.233810899112052,
NURSE,15_1595347920,16.373819575602724,0.019801980198019802,34.15255461575119,100,0.8913582553466178,3.058870472201634,0.6336633663366337,16.373819575602724,9.774286278763286,0.009900990099009901,-12.010879308111612,37.668041253700515,0.9405940594059405,34.15255461575119,7.6378662126925105,0.023255813953488372
NURSE,15_1595360012,8.543218916260727,0.6039603960396039,14.04602456596186,100,0.5127487280830775,3.34137544449523,0.7920792079207921,8.543218916260727,13.056562009205825,0.18811881188118812,18.72466568398835,33.76259329070884,0.16831683168316833,14.04602456596186,19.6487807685602,0.13043478260869565
NURSE,15_1595425036,10.999429180231445,0.0297029702970297,1.7789756733306556,100,4.697399345414552,3.1928263972673614,0.009900990099009901,10.999429180231445,12.143973090327583,0.06930693069306931,-11.208978486537944,104.37890132062682,0.9504950495049505,1.7789756733306556,10.29948463164273,0.6989247311827957
NURSE,15_1595433234,1.1160744116517378,0.6435643564356436,14.749100508048835,100,0.6621515367400033,3.043800445036222,0.8118811881188119,1.1160744116517378,10.770334432411241,0.7920792079207921,-6.2380898531445155,125.34861213099687,0.8415841584158416,14.749100508048835,7.229292915207679,0.011363636363636364
NURSE,15_1595446619,3.0548613331511376,0.36633663366336633,2.3326982560972938,100,1.5756184201300394,3.177017365415871,0.42574257425742573,3.0548613331511376,10.477669311488082,0.5643564356435643,26.207749373843853,148.18388244881515,0.4752475247524752,2.3326982560972938,7.51536728251391,0.3333333333333333
NURSE,15_1595592772,0.40875550514419956,1.0,,100,0.0,3.2175196779735002,1.0,0.40875550514419956,13.391914090548756,0.9801980198019802,2.087199022409095,137.2245099970315,0.7821782178217822,,5.957481565482475,
NURSE,15_1595600598,0.6243843613525257,0.8217821782178217,-0.9384787629924151,100,1.4468542342409119,3.546968850867122,0.44554455445544555,0.6243843613525257,14.066461296051067,0.8415841584158416,-12.811884691849173,57.30160717281416,0.9306930693069307,-0.9384787629924151,8.430719010737995,0.8089887640449438
NURSE,15_1595608145,25.285523717360263,0.009900990099009901,0.10310568292876476,100,5.91520738639331,3.031221129152808,0.009900990099009901,25.285523717360263,10.766396575227578,0.009900990099009901,182.40804959137665,163.9685870559004,0.039603960396039604,0.10310568292876476,8.232994904755612,0.7419354838709677
NURSE,15_1595854651,8.354882032718628,0.7920792079207921,13.046144961465304,100,0.20029014139675888,3.005472306068078,0.8811881188118812,8.354882032718628,11.04171715442985,0.13861386138613863,33.04724428781836,27.84708874626942,0.04950495049504951,13.046144961465304,6.259914186365757,0.01098901098901099
NURSE,15_1595857850,4.970390617509963,0.39603960396039606,1.537926677189077,100,2.1493917534279054,2.9655460568247776,0.2376237623762376,4.970390617509963,11.715970464513877,0.31683168316831684,39.22492761245766,32.89970724533022,0.039603960396039604,1.537926677189077,3.3834344020996365,0.25
NURSE,15_1595871983,1.807428939167039,0.9702970297029703,,100,0.0,3.1749307823117605,1.0,1.807428939167039,12.180512596697566,0.8316831683168316,97.4741307422787,273.1807073302289,0.3564356435643564,,5.3877656058102374,
NURSE,15_1595940277,21.657274936243653,0.009900990099009901,,100,0.0,3.5959845555560195,1.0,21.657274936243653,12.51893032154705,0.009900990099009901,48.63858368448689,120.6509177153003,0.33663366336633666,,5.037781941617871,
NURSE,15_1595947283,4.0170916256340945,0.9603960396039604,2.3759710384153565,100,1.5538277785057877,3.408859026757536,0.46534653465346537,4.0170916256340945,11.620413534384047,0.37623762376237624,53.66405495379652,60.71641589465879,0.0891089108910891,2.3759710384153565,4.564168701339506,0.2553191489361702
NURSE,15_1595953571,2.1108482883994384,0.6831683168316832,-0.7141507077947371,100,1.4588251303008446,3.0135168197143916,0.594059405940594,2.1108482883994384,11.40320436235932,0.6534653465346535,154.95551662573666,299.842448415141,0.31683168316831684,-0.7141507077947371,7.26383945913669,0.8247422680412371
NURSE,15_1596027852,8.92760456298663,0.36633663366336633,7.493738740269301,100,0.13684531906120534,3.4135165233693825,0.9504950495049505,8.92760456298663,11.630806753573733,0.15841584158415842,147.11223629860513,230.5969827604681,0.16831683168316833,7.493738740269301,4.975499068876177,0.03125
NURSE,15_1596037241,2.002623792727377,0.5445544554455446,-0.10296988177273256,100,1.702561664245489,2.987474503185839,0.32673267326732675,2.002623792727377,10.952669690126502,0.7227722772277227,52.90370678754425,300.0308056666723,0.5643564356435643,-0.10296988177273256,4.828962210846119,0.8043478260869565
NURSE,15_1596204744,5.057945909121827,0.26732673267326734,4.159458760625012,100,0.6529207565448454,3.2084314117596753,0.7722772277227723,5.057945909121827,11.628778765784812,0.4158415841584158,38.203274649959894,277.9386011595889,0.6435643564356436,4.159458760625012,8.263163402091834,0.2
NURSE,15_1596219716,5.083501175645481,0.33663366336633666,540.2699800984687,100,0.0025468590435940913,3.0995056838101807,0.8217821782178217,5.083501175645481,10.622097339795022,0.27722772277227725,-10.198312301023378,27.70807785114945,0.8910891089108911,540.2699800984687,9.178898059819016,0.012048192771084338
NURSE,15_1596222922,8.862851599178594,0.21782178217821782,35.22085367641833,100,1.0757602244793054,2.925221476293725,0.5841584158415841,8.862851599178594,10.276212798635664,0.10891089108910891,118.44378492655585,96.41157818609604,0.039603960396039604,35.22085367641833,21.169845655236802,0.02197802197802198
NURSE,15_1596547439,1.655280454485391,0.5346534653465347,0.7557560459752087,100,1.455330719468348,2.8865417834511735,0.45544554455445546,1.655280454485391,12.146301060792238,0.693069306930693,-13.894371288089701,63.006876040501425,0.9900990099009901,0.7557560459752087,10.343833056085606,0.7204301075268817
NURSE,15_1596551659,9.720683526926337,0.039603960396039604,1.6572218055045438,100,4.755031794597997,2.8356650965997643,0.009900990099009901,9.720683526926337,9.124447704756008,0.0594059405940594,30.194172180459645,287.7793713911757,0.7623762376237624,1.6572218055045438,5.2200463045152175,0.43157894736842106
NURSE,15_1596564517,0.9823127396261953,0.8712871287128713,-6.0552733141119806,100,0.9723588104131043,3.459275524511655,0.6732673267326733,0.9823127396261953,11.414985471118984,0.8811881188118812,52.66938810482611,191.98911614862484,0.45544554455445546,-6.0552733141119806,19.756837414837722,0.8913043478260869
NURSE,15_1596634348,10.382616974415129,0.5643564356435643,,100,0.0,2.612366690959895,1.0,10.382616974415129,9.193013765078557,0.0594059405940594,55.06704184308734,40.71618126737798,0.009900990099009901,,4.541258259975395,
NURSE,15_1596636683,10.650293820357433,0.06930693069306931,37.42193035186779,100,0.41245991225587814,2.9885545781482623,0.9108910891089109,10.650293820357433,9.763186976283876,0.039603960396039604,31.59871225675738,284.8531274853098,0.6633663366336634,37.42193035186779,10.357470810661196,0.020202020202020204
NURSE,15_1596648020,1.1003505888127165,0.6732673267326733,,100,0.0,2.7336333354180016,1.0,1.1003505888127165,11.570852325729799,0.7821782178217822,30.361009570536282,90.19644624710749,0.2376237623762376,,5.287512157912774,
NURSE,15_1596653112,4.04593858190627,0.4752475247524752,-3.556263717387015,100,1.5748471782849136,2.9230808796831917,0.32673267326732675,4.04593858190627,9.98070491114519,0.38613861386138615,-14.773464246728736,133.67893663753844,0.9504950495049505,-3.556263717387015,9.424738438057972,0.8764044943820225
NURSE,5C_1586886712,-0.2231907171376406,1.0,,100,0.0,2.79254386197733,1.0,-0.2231907171376406,9.199536043333282,1.0,153.3004585494241,475.9328890137108,0.44554455445544555,,6.406096554431332,
NURSE,5C_1587297777,68.98343744079102,0.009900990099009901,-3.5901974568350505,100,7.83878156070086,2.987920165060645,0.009900990099009901,68.98343744079102,11.071610243083978,0.009900990099009901,38.81221489561676,516.7951139113858,0.8316831683168316,-3.5901974568350505,10.785411807521502,0.8979591836734694
NURSE,5C_1587336033,13.078461773112124,0.7128712871287128,5.104241082353171,100,1.9327853035370395,2.957417424651895,0.31683168316831684,13.078461773112124,12.895016503429394,0.0594059405940594,25.057228680419826,33.478123457385216,0.1188118811881188,5.104241082353171,23.913471850272376,0.3956043956043956
NURSE,5C_1587569014,19.674873039880367,0.009900990099009901,-2.1935632831828444,100,8.58672941064624,3.1365039895548916,0.009900990099009901,19.674873039880367,12.232592090313753,0.019801980198019802,-19.0960919699437,379.93476447143104,1.0,-2.1935632831828444,7.736482914947645,0.900990099009901
NURSE,5C_1587593875,1.8250039485482148,0.5346534653465347,-6.745724899077607,100,0.2650765146889337,3.0147673585789994,0.8712871287128713,1.8250039485482148,10.369247525579102,0.6534653465346535,7.811702485178444,70.98702439034155,0.5643564356435643,-6.745724899077607,7.0995906455598075,0.9565217391304348
NURSE,5C_1587661745,16.035982324603765,0.9900990099009901,,100,0.0,2.7709760893707194,1.0,16.035982324603765,9.784682563837315,0.009900990099009901,14.178494740074711,226.96789554948975,0.7821782178217822,,7.224267606209855,
NURSE,5C_1587674047,2.1147430933031046,1.0,,100,0.0,2.7376289333094688,1.0,2.1147430933031046,12.751653700559965,0.6633663366336634,23.31741600183568,238.9220638081929,0.7029702970297029,,5.933849824877707,
NURSE,5C_1588974475,0.6035081615630702,0.9603960396039604,-7.710207470155776,100,0.17317662121735253,3.338974670498739,0.9207920792079208,0.6035081615630702,11.370828725318836,0.9306930693069307,117.42847518899032,195.25073614989356,0.1782178217821782,-7.710207470155776,14.233031519425465,0.9479166666666666
NURSE,5C_1589028738,8.306904507940999,0.07920792079207921,-28.38119783552428,100,2.4940092449713047,3.1174595441633075,0.16831683168316833,8.306904507940999,11.536991487819702,0.13861386138613863,304.9003608827463,425.0467079374283,0.13861386138613863,-28.38119783552428,12.811100848654808,0.968421052631579
NURSE,5C_1589199875,7.85468432946891,0.019801980198019802,-19.014827040065473,100,0.5652485415913592,2.655695592664466,0.8613861386138614,7.85468432946891,8.434354113389986,0.0891089108910891,335.35779238694386,595.9472036644545,0.24752475247524752,-19.014827040065473,9.451535939520689,0.98
NURSE,5C_1589286789,5.230793121903162,0.16831683168316833,-24.22288280760703,100,1.3115897117555124,2.8975036667070535,0.6237623762376238,5.230793121903162,12.191142154877099,0.39603960396039606,175.51842325699351,224.18395359141235,0.10891089108910891,-24.22288280760703,9.992464638195983,0.9693877551020408
NURSE,5C_1589298448,2.4491100963678036,0.5148514851485149,3.601259508604998,100,0.6281863083622872,2.56685998597878,0.7920792079207921,2.4491100963678036,9.085665308604973,0.5841584158415841,33.102765859891406,579.0947569630051,0.8118811881188119,3.601259508604998,5.367685156142308,0.18556701030927836
NURSE,5C_1589803857,39.78409676369847,0.009900990099009901,4.754421444958816,100,12.359249103871226,3.0927693149564384,0.009900990099009901,39.78409676369847,11.906385222580875,0.009900990099009901,60.76244837851482,807.256768466733,0.8217821782178217,4.754421444958816,9.830077874950774,0.1702127659574468
NURSE,5C_1589889161,1.8045708938252574,0.5742574257425742,-103.31929649076497,100,0.2157107795501026,2.6767230606107377,0.9207920792079208,1.8045708938252574,7.591130848990064,0.7029702970297029,64.61034085102528,730.6618719970501,0.7920792079207921,-103.31929649076497,10.569462773367855,0.9896907216494846
NURSE,5C_1592926305,1.0162225570758494,0.7623762376237624,-3.2480243327130767,100,0.9834996071494063,2.873540812048431,0.6336633663366337,1.0162225570758494,10.239430996605574,0.8118811881188119,28.731492492266852,416.12161278992323,0.693069306930693,-3.2480243327130767,7.730776927249974,0.9578947368421052
NURSE,5C_1593006542,4.841220964095442,0.9900990099009901,7.054585825573118,100,1.9702197290117394,2.740739889024785,0.2871287128712871,4.841220964095442,10.73844572405118,0.26732673267326734,77.36130645052594,212.7504949515627,0.3564356435643564,7.054585825573118,6.731017466726051,0.05555555555555555
NURSE,5C_1593018622,3.0255953548177104,0.42574257425742573,1.4713985599900383,100,0.6905638059072582,3.0784960884855246,0.7722772277227723,3.0255953548177104,10.39564138978946,0.5544554455445545,54.77564916808217,282.51819197838637,0.48514851485148514,1.4713985599900383,5.007968312618933,0.46236559139784944
NURSE,5C_1593094946,15.438901389849661,0.009900990099009901,0.38066531016089106,100,4.47938500200658,2.7565362976843986,0.009900990099009901,15.438901389849661,8.051140022693556,0.009900990099009901,164.56939973498675,258.3416623761288,0.1782178217821782,0.38066531016089106,3.1435591870634387,0.5681818181818182
NURSE,6B_1587569373,14.92143358647786,0.009900990099009901,,100,0.0,2.8669589592843336,1.0,14.92143358647786,10.464813929973392,0.019801980198019802,65.5233893485422,315.0974414588537,0.4752475247524752,,9.389968191021723,
NURSE,6B_1587585327,55.62679503373374,0.009900990099009901,,100,0.0,3.5024339292471205,1.0,55.62679503373374,13.196389420778042,0.009900990099009901,232.51770920559443,333.5195123588767,0.16831683168316833,,6.725715791002256,
NURSE,6B_1587653438,0.194166915615142,0.8217821782178217,-3.953247262106347,100,4.794078455697278,3.0491454194617256,0.009900990099009901,0.194166915615142,10.578285380469818,0.9603960396039604,-2.908163797780219,97.03595057173446,0.7722772277227723,-3.953247262106347,10.916974302097708,0.8804347826086957
NURSE,6B_1588961203,1.3543933001347455,0.8811881188118812,,100,0.0,3.012400328676581,1.0,1.3543933001347455,10.181372947946851,0.8118811881188119,152.71869048277688,108.52536157204449,0.009900990099009901,,21.788737893673805,
NURSE,6B_1588970444,11.34327989258793,0.9900990099009901,27.928660804383703,100,1.8030460081160409,3.2245835934146907,0.43564356435643564,11.34327989258793,12.974144038045026,0.07920792079207921,30.772240047594323,275.11614099678525,0.6732673267326733,27.928660804383703,7.3319769844537275,0.010309278350515464
NURSE,6B_1589052301,18.780978452675754,0.3564356435643564,5.231309154658177,100,1.3827667527650624,2.9773158985425994,0.504950495049505,18.780978452675754,9.908050401601637,0.009900990099009901,10.336667846145133,100.98386323164863,0.6237623762376238,5.231309154658177,3.6996550077010495,0.03260869565217391
NURSE,6B_1589901451,0.6494787497083792,0.7623762376237624,,100,0.0,2.692086798432894,1.0,0.6494787497083792,9.326606302280966,0.9108910891089109,-13.5925380128715,74.25237707414988,0.9405940594059405,,11.008541428502594,
NURSE,6B_1590172247,14.873929433247625,0.009900990099009901,-2.764699691520702,100,8.113253580136089,2.932363097332468,0.009900990099009901,14.873929433247625,9.788281218407608,0.039603960396039604,110.07000340712443,313.902655938036,0.39603960396039606,-2.764699691520702,4.735718249297237,0.9565217391304348
NURSE,6B_1592925729,4.49142621012221,0.19801980198019803,3.6428315419635857,100,0.8260104531484802,3.013305413967251,0.693069306930693,4.49142621012221,13.135942705746958,0.42574257425742573,7.578468690129284,110.99380025084649,0.6237623762376238,3.6428315419635857,8.58207106962876,0.3411764705882353
NURSE,6B_1592996203,1.7677586121957347,0.7128712871287128,4.529926713382999,100,1.170734504803293,3.0204028176288396,0.6435643564356436,1.7677586121957347,12.94187230823162,0.7722772277227723,-19.736524635279693,563.9667008278415,0.9801980198019802,4.529926713382999,18.738791325120975,0.3673469387755102
NURSE,6B_1593024104,2.086957286613142,0.8910891089108911,,100,0.0,3.02928566698034,1.0,2.086957286613142,10.855701692295563,0.594059405940594,45.8474824622121,108.59077183851713,0.2079207920792079,,6.735630350640435,
NURSE,6B_1593083317,4.8013344250432155,0.8316831683168316,4.076274972400114,100,0.8099273863346864,2.649257535040997,0.6237623762376238,4.8013344250432155,8.634317538214086,0.24752475247524752,8.231956766418875,51.882279638638096,0.48514851485148514,4.076274972400114,4.72529582052851,0.0963855421686747
NURSE,6B_1593091155,0.5693334041789058,0.8811881188118812,1.845045620054065,100,0.5848180452488764,3.214308768882193,0.8415841584158416,0.5693334041789058,10.088885674640089,0.900990099009901,78.40314616331341,213.22896170277613,0.3069306930693069,1.845045620054065,4.7338506570176735,0.39361702127659576
NURSE,6B_1593101741,-4.737186162736307,0.9900990099009901,,100,0.0,3.1258344278841137,1.0,-4.737186162736307,10.59566981829466,1.0,308.9636602641114,102.71687632004266,0.009900990099009901,,26.28348672426603,
NURSE,6B_1593110897,14.769176095713533,0.019801980198019802,2.927230269806813,100,2.4592477920173677,3.1763062283987162,0.16831683168316833,14.769176095713533,11.101753060199503,0.019801980198019802,41.865405756729444,126.79565499267865,0.38613861386138615,2.927230269806813,6.4165216096701005,0.34065934065934067
NURSE,6B_1593168956,1.325085069870262,0.7227722772277227,1.0853242133571328,100,0.42797846086875196,2.966512960851414,0.7821782178217822,1.325085069870262,10.736453881095402,0.8910891089108911,5.700268069768413,101.71177540131808,0.7326732673267327,1.0853242133571328,8.56954503614094,0.6739130434782609
NURSE,6B_1593176942,1.170869475592994,0.7722772277227723,1.357819817747546,100,2.00196417518745,2.8873286730279895,0.2871287128712871,1.170869475592994,10.786840012380287,0.8118811881188119,24.219089177697526,98.37545411139801,0.39603960396039606,1.357819817747546,6.6670425271094205,0.45263157894736844
NURSE,6B_1593191957,22.23490218645756,0.693069306930693,6.563791409419011,100,1.678664553583548,3.1472773075962284,0.4158415841584158,22.23490218645756,12.0948969979425,0.009900990099009901,215.5584196811327,119.82394637504741,0.009900990099009901,6.563791409419011,5.858948802441612,0.03260869565217391
NURSE,6B_1593427701,2.5247102292659065,0.693069306930693,4.114284504779553,100,1.2134780415688688,3.3013437259109404,0.6039603960396039,2.5247102292659065,13.47743246632384,0.5742574257425742,23.100995590466255,229.19511887233313,0.6732673267326733,4.114284504779553,9.827810669807631,0.25
NURSE,6B_1593437366,3.5020304715192196,0.38613861386138615,2.369237931291333,100,1.6215983986993767,3.079158549079066,0.38613861386138615,3.5020304715192196,12.38149599402479,0.48514851485148514,28.397733577400004,74.97820690266627,0.24752475247524752,2.369237931291333,12.127992237183378,0.3181818181818182
NURSE,6B_1593446044,1.1782949333360193,0.7326732673267327,-1.1598917449727972,100,1.115826709248534,2.6878286309982062,0.6336633663366337,1.1782949333360193,11.223530758783284,0.8118811881188119,29.560687036254194,181.55063870002846,0.5841584158415841,-1.1598917449727972,5.195172994905113,0.8494623655913979
NURSE,6B_1593455714,1.6934881339616936,0.7326732673267327,2.8428063192450352,100,1.9312099410723955,3.2577390435821068,0.40594059405940597,1.6934881339616936,12.16523199193973,0.7524752475247525,30.912727103216753,62.718313732504164,0.22772277227722773,2.8428063192450352,7.714203695456909,0.31521739130434784
NURSE,6B_1593514692,3.7912252647921605,0.37623762376237624,9.852961236669406,100,2.446309505219251,2.85971923203161,0.18811881188118812,3.7912252647921605,9.809733611575556,0.42574257425742573,486.9717506963832,528.5934718667884,0.06930693069306931,9.852961236669406,22.55945527758117,0.2111111111111111
NURSE,6D_1594757863,5.395541410252761,0.22772277227722773,7.186164169870021,100,0.446532244724349,3.306871833228806,0.8514851485148515,5.395541410252761,10.254965478162239,0.3465346534653465,10.03407502561214,61.861106105170926,0.44554455445544555,7.186164169870021,2.7233081201034777,0.010869565217391304
NURSE,6D_1594831043,0.9030951739244131,0.8415841584158416,1.3315398871227138,100,0.5433502253226667,3.1902430547606926,0.8316831683168316,0.9030951739244131,11.75683296597465,0.9108910891089109,65.40480253985834,157.45497319917266,0.39603960396039606,1.3315398871227138,4.180077437931743,0.5
NURSE,6D_1594910470,13.574782700249443,0.009900990099009901,,100,0.0,2.7391178271594296,1.0,13.574782700249443,8.699581079088784,0.0297029702970297,60.08523023510884,416.4582707819269,0.6237623762376238,,17.251542698448198,
NURSE,6D_1594998483,6.812971049021826,0.7425742574257426,24.04316970558169,100,0.7386830395009473,2.9501938283967015,0.7722772277227723,6.812971049021826,12.012491689861577,0.25742574257425743,54.654926541989425,400.3723685992852,0.5742574257425742,24.04316970558169,15.538217938629783,0.041666666666666664
NURSE,6D_1595339521,1.2304515329669812,0.9405940594059405,-2.5145087183377304,100,0.5399803269182584,2.9341184089809986,0.8613861386138614,1.2304515329669812,10.617163493236726,0.7722772277227723,50.23909549444522,182.44729559779773,0.43564356435643564,-2.5145087183377304,5.257042263920854,0.9175257731958762
NURSE,6D_1595523837,0.8146375714563874,0.7326732673267327,-45.48768882050869,100,0.41086172774741153,3.0668900027993398,0.8811881188118812,0.8146375714563874,10.560071831482826,0.8613861386138614,-0.4508284901951356,200.29628238784278,0.9207920792079208,-45.48768882050869,13.610395435237024,0.9789473684210527
NURSE,6D_1595604487,-2.984860389867592,1.0,,100,0.0,3.0710977981841547,1.0,-2.984860389867592,9.379476124509392,1.0,541.0395727116936,314.49927349006714,0.009900990099009901,,22.495258273003902,
NURSE,7A_1587228286,0.4453000494183925,0.9405940594059405,0.6238701146101101,100,0.8459592399613051,2.923880068777396,0.7128712871287128,0.4453000494183925,10.55988276107309,0.9405940594059405,103.70099161794201,299.34508431001143,0.4752475247524752,0.6238701146101101,5.719922854720779,0.5913978494623656
NURSE,7A_1587298286,7.4633034301625685,0.0891089108910891,,100,0.0,2.932159859915781,1.0,7.4633034301625685,12.135543691551874,0.1782178217821782,104.21531458583775,252.59403871834377,0.31683168316831684,,4.479948677787901,
NURSE,7A_1587326219,0.8424216147548336,0.8316831683168316,1.486515098356399,100,0.3549569609262044,3.3649569334590126,0.8118811881188119,0.8424216147548336,11.958474541797337,0.8811881188118812,17.02056848131548,45.74425993979565,0.31683168316831684,1.486515098356399,7.0734618662647835,0.4
NURSE,7A_1587556854,15.11412200900645,0.009900990099009901,-1.607192016336971,100,3.594076426667179,3.002696480951818,0.009900990099009901,15.11412200900645,8.934926260834816,0.009900990099009901,217.0132123302974,589.915882062641,0.3465346534653465,-1.607192016336971,10.993893832450768,0.8085106382978723
NURSE,7A_1587583295,11.555767781303302,0.297029702970297,,100,0.0,2.677362065826101,1.0,11.555767781303302,11.162956929280403,0.04950495049504951,77.79915200163782,406.3015837070856,0.5346534653465347,,14.31990856347411,
NURSE,7A_1587643240,5.105244961723656,1.0,,100,0.0,2.975996030217981,1.0,5.105244961723656,12.394022675400718,0.26732673267326734,59.98166451558427,882.4857481815806,0.7623762376237624,,10.358580309733886,
NURSE,7A_1588977047,27.173381507943475,0.009900990099009901,19.708870904018887,100,4.869421993026249,3.072018189437344,0.019801980198019802,27.173381507943475,11.144784819320922,0.009900990099009901,106.4472677801557,121.15712970293634,0.09900990099009901,19.708870904018887,28.418713656303645,0.13978494623655913
NURSE,7A_1589025873,3.708521954028356,0.3465346534653465,2.4198949700258607,100,1.9947430461910256,2.9156571460731446,0.3069306930693069,3.708521954028356,8.956047289377306,0.504950495049505,72.02595720012346,373.2831013677243,0.594059405940594,2.4198949700258607,9.296501023269295,0.3333333333333333
NURSE,7A_1589055551,15.446906613216925,1.0,,100,0.0,2.9909598898829817,1.0,15.446906613216925,11.113877414775626,0.009900990099009901,17.099036843988188,31.25167973889127,0.1782178217821782,,5.517354530411832,
NURSE,7A_1592926372,2.3359525266127434,0.48514851485148514,-6.863368996050005,100,1.1632068094720773,2.981656599000388,0.5742574257425742,2.3359525266127434,10.699936463591039,0.7029702970297029,-16.382479959454372,126.1742923619024,1.0,-6.863368996050005,18.69250733271686,0.9473684210526315
NURSE,7A_1592933285,0.8778482005487618,0.9405940594059405,,100,0.0,3.0309829716950563,1.0,0.8778482005487618,10.028982619804589,0.8217821782178217,-1.4525552013939205,129.40207704025318,0.7920792079207921,,9.601823160618432,
NURSE,7A_1592941276,3.4161020534111515,0.31683168316831684,-45.961894356716925,100,0.2480577136894405,3.0833082851259825,0.8415841584158416,3.4161020534111515,11.01468990321083,0.49504950495049505,-13.889276542372158,86.67440776425454,0.9405940594059405,-45.961894356716925,9.37249169806875,0.989010989010989
NURSE,7A_1593091052,1.0360673335140973,0.7821782178217822,-3.5457105192657776,100,2.1463143423242563,2.999017787208156,0.21782178217821782,1.0360673335140973,13.687834080517495,0.801980198019802,53.95692082290344,95.66581704032258,0.18811881188118812,-3.5457105192657776,11.715386893981915,0.9565217391304348
NURSE,7A_1593104418,10.05892692705342,0.1782178217821782,2.9028250034092773,100,2.8623306486939564,3.372292672482566,0.1188118811881188,10.05892692705342,11.810127239933655,0.09900990099009901,57.29951131520096,102.23989100823155,0.15841584158415842,2.9028250034092773,10.259842228840217,0.45054945054945056
NURSE,7A_1593115159,0.30302429237466555,0.8811881188118812,,100,0.0,3.088744793377516,1.0,0.30302429237466555,13.110787047013272,0.9405940594059405,-6.567683862141223,90.05987927492446,0.9108910891089109,,7.206751823242764,
NURSE,7A_1593177044,0.851736766199906,0.7227722772277227,-3.419564647233093,100,0.6993693128707065,2.856265254791807,0.8316831683168316,0.851736766199906,10.314965871311705,0.8217821782178217,-17.908727046459717,221.29412003452214,0.9702970297029703,-3.419564647233093,14.481175847853418,0.9247311827956989
NURSE,7A_1593192268,2.352233437614416,0.7920792079207921,-95.83948071652118,100,0.1210627096547556,3.1913974242533336,0.8811881188118812,2.352233437614416,12.222794248115447,0.7227722772277227,75.87621150853886,136.46308551308883,0.2079207920792079,-95.83948071652118,9.782304301406969,1.0
NURSE,7A_1593436174,5.3964211770432335,0.24752475247524752,,100,0.0,2.858964293960465,1.0,5.3964211770432335,10.472384569071592,0.27722772277227725,10.091411963511234,57.938537273178596,0.4752475247524752,,17.847933018305053,
NURSE,7A_1593521778,4.444403813525355,0.43564356435643564,5.656081265064729,100,1.1214529912812794,2.9553010614392066,0.6237623762376238,4.444403813525355,13.418886829359506,0.42574257425742573,-15.678165971141084,116.66019860274359,0.9801980198019802,5.656081265064729,8.512491368049227,0.19791666666666666
NURSE,7A_1593527735,20.015824588945264,0.009900990099009901,,100,0.0,3.1691132714730084,1.0,20.015824588945264,12.285731556678941,0.009900990099009901,62.95682630029097,91.8160062882457,0.10891089108910891,,9.854181377901483,
NURSE,7A_1593534070,10.205937435124497,0.06930693069306931,4.312746531318036,100,2.0653290866036125,3.147880114771792,0.27722772277227725,10.205937435124497,11.168192014241818,0.06930693069306931,82.90826993881797,127.6147402665866,0.16831683168316833,4.312746531318036,5.628139615748205,0.08421052631578947
NURSE,7A_1593609973,9.784649600248713,0.09900990099009901,3.928730887701633,100,1.9239766659015092,3.125041702262225,0.40594059405940597,9.784649600248713,11.352533833058798,0.07920792079207921,10.508943090783532,197.14532201840268,0.7227722772277227,3.928730887701633,7.007079716863709,0.20618556701030927
NURSE,7A_1593620516,5.120113454034595,0.6831683168316832,7.881107446563806,100,1.167631205028685,3.1970148249887838,0.594059405940594,5.120113454034595,12.789638364373406,0.3564356435643564,26.23949769770786,80.72492572884049,0.25742574257425743,7.881107446563806,8.844655004638064,0.08791208791208792
NURSE,7A_1593633083,8.63960478541459,0.45544554455445546,,100,0.0,3.086587791085211,1.0,8.63960478541459,12.283685696384078,0.1485148514851485,14.633188876350232,42.21617459631901,0.2871287128712871,,27.81842958837148,
NURSE,7A_1593696872,0.7998486432915115,0.7722772277227723,5.761745213212705,100,0.788814173167317,2.8079785625384948,0.594059405940594,0.7998486432915115,9.883624737475909,0.8415841584158416,-2.025044534235576,46.03609311973043,0.6831683168316832,5.761745213212705,11.250322967740233,0.21348314606741572
NURSE,7A_1593701029,3.7613905073097413,0.3564356435643564,,100,0.0,3.14199181271115,1.0,3.7613905073097413,11.904484994118528,0.4752475247524752,-1.6606014840352827,104.37919932859458,0.7821782178217822,,7.21668373414265,
NURSE,7A_1593709119,25.397605017419608,0.009900990099009901,3.5516726279710276,100,2.1689947174209294,3.028706225630339,0.22772277227722773,25.397605017419608,10.67186027034621,0.009900990099009901,13.582934356194073,259.9685515686498,0.7722772277227723,3.5516726279710276,11.161376493378757,0.3157894736842105
NURSE,7A_1594043417,3.0576150056254505,0.297029702970297,1.4551820880557889,100,1.663020108822621,3.142940664088533,0.48514851485148514,3.0576150056254505,13.916072182817034,0.5841584158415841,4.058183468774075,117.93726252874842,0.7029702970297029,1.4551820880557889,7.098440092484854,0.5543478260869565
