dataset,subject,n_entry,n_exit,mean_entry_b,mean_exit_b,observed_width,a_bar,predicted_width,t,p
WESAD,S2,42,43,14.747399636667229,10.124784410251259,4.62261522641597,,,1.789860296243517,0.07720212379019112
WESAD,S3,40,41,1.8484913541572872,0.21368335459434068,1.6348079995629465,,,1.4507644741716432,0.15094943062532168
WESAD,S5,45,45,5.434677594143376,4.435247138009985,0.9994304561333909,,,0.4879395642431549,0.6268666697494139
WESAD,S6,46,47,-1.0483285935749658,-1.51669877366819,0.4683701800932243,,,0.2443811970849538,0.807492416435029
WESAD,S11,35,36,1.0790186704550195,0.14216637157112466,0.9368522988838949,,,0.31293110043375605,0.7552825971973448
WESAD,S15,38,39,2.0945829456918568,4.876231640784822,-2.7816486950929655,,,-1.3984665960891038,0.16613604762703996
EXAM,S1,79,79,-3.943883351637399,-5.052555899396144,1.1086725477587454,,,0.4535480515380372,0.6507844865222885
EXAM,S1,48,47,-65.19355145217446,-77.48227216251996,12.288720710345501,,,0.6588582006996824,0.5116162197133803
EXAM,S1,54,54,-7.362589351402419,-8.71458529422861,1.3519959428261918,0.9749264147840476,0.7410301278426067,0.5922822673491689,0.554946728894999
EXAM,S10,73,73,-7.41217833541027,-8.738369073309293,1.3261907378990232,,,0.6951624830348742,0.488081545453687
EXAM,S10,33,32,-17.727917101951807,-23.141341148110786,5.41342404615898,3.256214308154173,4.52321862797125,2.6208066501537717,0.011579947798717271
EXAM,S10,62,62,-1.0252443386321712,-9.234035456159877,8.208791117527705,,,1.5182835856114374,0.13154420642426293
EXAM,S2,40,39,-8.285722794415317,-11.049275597976537,2.76355280356122,,,1.423921128257044,0.1586642497871494
EXAM,S2,54,54,-3.915506517895175,-5.659836563598093,1.744330045702918,,,1.3931380777158076,0.16649294015927887
EXAM,S3,97,98,1.3553164049397641,-0.6788193966733489,2.034135801613113,,,0.3383557490213648,0.735464317329803
EXAM,S3,34,34,-5.916832440726599,-7.114478381607904,1.197645940881305,1.8422225480332264,1.9248249950804224,0.9253848576058861,0.3582238667043892
EXAM,S3,64,64,0.2583600111969546,1.7701368475197508,-1.5117768363227961,5.753679646474655,10.624209489959489,-0.5201768062973483,0.6038534324781062
EXAM,S4,92,91,-14.97693967238336,-13.196936312221824,-1.780003360161535,11.87686700441809,31.508733664688382,-0.6428035269314779,0.5211745249425064
EXAM,S4,60,59,-16.219475748592874,-33.05594690942725,16.836471160834375,,,2.441371536403645,0.016194275412720227
EXAM,S5,85,84,-15.850886976774461,-42.89010052174806,27.0392135449736,,,0.9469264790360277,0.34504453005218005
EXAM,S5,41,41,-14.188867378938195,-15.058123258492278,0.8692558795540837,5.3925052778918285,9.639710192567556,1.5072203505329536,0.13570598226165376
EXAM,S6,107,107,-4.282966371522416,-6.032921677585228,1.7499553060628115,,,0.37005927663894156,0.7117077955263191
EXAM,S6,31,30,-18.3196756187724,-23.60500221828044,5.285326599508039,1.7462522726128005,1.7763910881809255,2.193687128439779,0.03245354599097473
EXAM,S7,77,77,-17.670929654817556,-17.43828158357364,-0.23264807124391496,1.2141345609268477,1.0298603590387607,-0.08777278697879055,0.9301731771957098
EXAM,S7,28,27,-11.653834340760728,-11.954519552715224,0.30068521195449627,1.2174023185689822,1.0340208502340449,0.13735003665522733,0.8912758980982229
EXAM,S7,57,58,-2.579007347815583,-2.8094049028666954,0.2303975550511126,,,0.0824504807653305,0.9344386172981103
EXAM,S8,93,93,-12.53517631697948,-10.36021886962889,-2.1749574473505913,,,-0.8305052878513931,0.40732948696215754
EXAM,S8,57,58,-14.665665268968837,-13.664359592012396,-1.0013056769564415,4.838918401840224,8.19408674693388,-0.3292271897877389,0.7425989916537905
EXAM,S9,36,35,-13.450379742059548,-14.782578935052916,1.332199192993368,1.7889005520860728,1.841863350650499,1.1011371877791356,0.2748355383957274
EXAM,S9,64,63,0.7174335141029476,-0.9881852803485297,1.7056187944514773,,,0.6934732551068602,0.4893003231905907
NURSE,15_1594140175,52,52,18.278560506675703,17.24970786266449,1.028852644011213,,,0.3007538390718902,0.7642152234026283
NURSE,15_1594213322,44,45,25.587544254963117,22.939050452413085,2.648493802550032,,,0.10687771334388949,0.9151348792042215
NURSE,15_1594220239,106,105,26.185089047796122,29.324824113055946,-3.139735065259824,,,-0.298643806882817,0.765512810491056
NURSE,15_1594298975,87,87,41.65837718396232,23.098873685426057,18.559503498536266,,,1.4826456747391814,0.14000085701048492
NURSE,15_1594311202,101,100,-14.238885379098965,-14.182127055090119,-0.05675832400884673,,,-0.010457127464940218,0.991667253201722
NURSE,15_1595347920,16,17,30.102232350036406,4.718702553409261,25.383529796627144,,,0.8535028734758472,0.40010093699091986
NURSE,15_1595425036,35,36,149.17211991844144,104.1748127237068,44.997307194734645,,,1.0255941599112155,0.3088438035089426
NURSE,15_1595446619,46,45,-2.8884137844177213,-2.1232375883219627,-0.7651761960957586,,,-0.46684435210662645,0.6417530932903298
NURSE,15_1595857850,14,13,2.6648283487621307,-0.2134267366573343,2.878255085419465,,,1.720774455944072,0.10545333363033599
NURSE,15_1595871983,88,88,6.944825906027679,6.12972227753912,0.8151036284885596,,,0.9778424616101896,0.32951024041427435
NURSE,15_1595947283,23,24,-1.3301485687194416,-1.6504454479387751,0.3202968792193335,,,0.2607657519390984,0.7954829642198812
NURSE,15_1595953571,106,106,0.14087743339161105,2.3580180218055187,-2.2171405884139075,,,-1.279543298017295,0.20213442800908965
NURSE,15_1596219716,12,13,-15.189289820568325,-0.5831268552134449,-14.60616296535488,,,-0.15140388878192498,0.8812751177591372
NURSE,15_1596222922,33,32,61.15926951705603,43.91109311869951,17.24817639835652,,,0.5212657853203781,0.6040509076381088
NURSE,15_1596551659,96,96,4.855241576754939,-0.6136152133681575,5.4688567901230964,,,0.6728952782100395,0.5018363429398229
NURSE,15_1596648020,39,39,9.570468541216481,9.977107945646804,-0.4066394044303223,,,-0.12208929605896045,0.9031552690724505
NURSE,5C_1586886712,61,60,3.9580246816414455,3.456697481670758,0.5013271999706874,4.012535875869658,6.18737590714032,0.3710506208825665,0.7112778060158885
NURSE,5C_1587336033,17,17,-11.149799884685821,-15.357898933829109,4.2080990491432875,,,0.7709723793960582,0.446694117653765
NURSE,5C_1587569014,143,142,-2.898273363055873,-4.040736516344345,1.142463153288472,,,0.9208373107902472,0.3579197272370228
NURSE,5C_1588974475,50,49,0.5395285249681012,-0.10908967537472229,0.6486182003428235,,,0.07021045527619073,0.9441730842449865
NURSE,5C_1589286789,71,71,11.964711508284438,13.22632298959719,-1.2616114813127517,,,-0.7739793191118117,0.4402517958074973
NURSE,5C_1589298448,176,176,9.031971541502838,8.962736384862696,0.06923515664014168,,,0.014002708407708024,0.9888357986106199
NURSE,5C_1589803857,199,199,-3.193179198225096,-3.248240481264929,0.05506128303983271,,,0.07877570559641539,0.9372508915605292
NURSE,5C_1589889161,237,237,-8.127365236447377,-9.067787775525058,0.9404225390776819,0.8991118579330362,0.65629439818008,0.6246818605029774,0.5324817263473269
NURSE,5C_1592926305,149,149,-0.41508269388982855,-0.7205694402584539,0.3054867463686254,,,0.782845274131671,0.43437497374604184
NURSE,5C_1593006542,83,82,2.6847437973283315,5.377051692957931,-2.6923078956295994,,,-0.47433828115006477,0.6358961452068845
NURSE,5C_1593018622,83,82,1.047267025208278,4.304865746254847,-3.257598721046569,0.030152260642566375,0.004030490734729814,-1.0971697756203547,0.2742204121453708
NURSE,5C_1593094946,114,113,-57.37032072359344,-64.7128731250727,7.342552401479267,,,0.4557331749645118,0.6490233985357325
NURSE,6B_1587569373,113,113,-25.113552700547793,-23.296472873910837,-1.8170798266369559,,,-0.19170337372638738,0.848148823707242
NURSE,6B_1587653438,44,43,-43.86889333304617,-57.066625520620114,13.197732187573948,,,0.3665983546439984,0.7148360006162764
NURSE,6B_1588961203,37,37,11.359375704205988,51.967374614626,-40.607998910420015,,,-1.099187169962875,0.27571007135773795
NURSE,6B_1589901451,35,35,-14.695028247861897,-6.976854524873632,-7.718173722988265,,,-0.5584147634524025,0.578401317344942
NURSE,6B_1592925729,40,39,8.28892567508348,7.055786047291497,1.2331396277919824,,,0.5149220279224639,0.6080849458559219
NURSE,6B_1593024104,47,46,5.502897256678859,5.526852413656174,-0.02395515697731465,,,-0.002847858518918575,0.9977340482551396
NURSE,6B_1593083317,20,19,-17.122956600967797,5.69070701491951,-22.813663615887307,,,-1.4698684727338964,0.15043670236347553
NURSE,6B_1593101741,36,37,1.2841652528909984,7.264256986643995,-5.980091733752997,,,-1.5618471599731303,0.12277914134437486
NURSE,6B_1593110897,46,46,-1.7730908523703741,-5.0976376578665565,3.3245468054961824,,,0.7256808422550987,0.4699328302611244
NURSE,6B_1593176942,39,39,11.3321093665059,5.645469389050269,5.6866399774556315,,,0.5110276081844064,0.6108167084255975
NURSE,6B_1593191957,34,34,-5.269562147768222,-16.992895232346683,11.72333308457846,,,1.6769651881576475,0.09848425120682602
NURSE,6B_1593427701,68,67,12.557919107761753,-17.994282512690706,30.552201620452458,,,1.7549107296996864,0.08159999053175958
NURSE,6B_1593437366,27,26,1.9365876175742125,2.2271650801429503,-0.29057746256873784,,,-0.13378658382506442,0.8941167399971628
NURSE,6D_1594757863,12,11,-9.095885684017338,-10.310787452056855,1.2149017680395175,,,0.21117767998736642,0.8349493103214102
NURSE,6D_1594831043,51,50,32.45791245273195,19.396058954711513,13.061853498020433,,,1.3499864353946798,0.1802395432316779
NURSE,6D_1594910470,144,144,16.069262110509282,16.42328534221409,-0.354023231704808,,,-0.08704429110024156,0.9306985609377896
NURSE,7A_1587228286,123,122,4.321112330163874,4.013714987098677,0.3073973430651975,,,0.6499435579644306,0.5163430141896383
NURSE,7A_1587298286,85,86,-11.25655255410775,-10.785838394068183,-0.47071416003956656,,,-0.06222632115791946,0.9504561951325388
NURSE,7A_1587583295,121,122,16.882836649840943,18.317122191034166,-1.4342855411932227,,,-0.9882650149202057,0.3240193293367658
NURSE,7A_1587643240,315,316,147.7655148062677,140.77117264221147,6.994342164056235,,,0.1578684965853448,0.874611088807844
NURSE,7A_1588977047,55,54,49.61969896561877,69.70297841302937,-20.083279447410604,,,-0.6747075712138658,0.5013198476080978
NURSE,7A_1589055551,11,10,2.7927587845743607,4.474371761127482,-1.681612976553121,,,-0.47044124717297964,0.6438671000013612
NURSE,7A_1592941276,33,33,9.639480606420907,8.44696108021621,1.1925195262046966,,,0.7057280612723164,0.48306694207479506
NURSE,7A_1593091052,34,34,134.16042480672354,125.69057990541727,8.469844901306274,,,0.37657867419725444,0.7076954317929592
NURSE,7A_1593115159,28,27,32.48826625610574,30.51999017731927,1.9682760787864702,,,0.0669825170741643,0.9468663729052317
NURSE,7A_1593177044,106,105,1.0958581077757932,1.6710386893039721,-0.575180581528179,1.6133277034344715,1.577473224303688,-0.5652096500660345,0.5725410869439296
NURSE,7A_1593436174,31,32,7.821925205409167,6.896961654947429,0.9249635504617384,,,0.3774455878904443,0.7072178627556538
NURSE,7A_1593527735,26,25,7.280310584389516,6.920166114092285,0.3601444702972314,,,0.3990036347153049,0.6916316229498398
NURSE,7A_1593620516,28,29,103.77532418922421,230.13399577900682,-126.35867158978262,,,-1.4448947040778888,0.15420489146769537
NURSE,7A_1593633083,24,24,21.334076097431463,-4.5058236683270465,25.83989976575851,,,1.1652482978071814,0.2499624192362038
NURSE,7A_1594043417,36,36,4.0427403358817235,3.8928171331085744,0.1499232027731492,,,0.23745000929824117,0.8130050212634171
