dataset,subject,var_exponent,var_ci_lo,var_ci_hi,var_r2,var_p_vs_pred,var_n,ac1_exponent,ac1_ci_lo,ac1_ci_hi,ac1_r2,ac1_p_vs_pred,ac1_n,kendall_tau_var,kendall_p_surrogate,n_onsets,auc_lead3,auc_lead6,auc_lead12
WESAD,S2,-0.654945069210029,-0.8921043042109096,-0.5260371849374784,0.4921125290005785,0.008995502248875561,128,0.12424737623591878,0.05697326119676159,0.22760492693281578,0.05393302940857287,0.0009995002498750624,128,-0.1939344485244118,0.14925373134328357,15,0.41904761904761906,0.2846153846153846,0.15714285714285714
WESAD,S3,-1.2761283335144369,-1.7147113010392112,-0.9050373643863631,0.21485061014457593,0.0009995002498750624,136,0.29666553542385216,0.1643444081420394,0.451882503933623,0.10108022399490364,0.013993003498250875,136,-0.568846265620459,0.9353233830845771,13,0.40082644628099173,0.38181818181818183,0.2532467532467532
WESAD,S10,-0.6278905610045864,-1.1132102461667819,-0.39544027872911364,0.17411528906433035,0.32283858070964516,92,0.22516879453256272,0.1280375057836783,0.3572923685108413,0.04207894111741412,0.0029985007496251873,92,0.3319573443412453,0.27860696517412936,8,0.64,0.4666666666666667,
WESAD,S11,0.08733629044189044,-0.37794044384802067,0.5203218154387576,0.0029599730415774982,0.01199400299850075,75,0.028794532921164004,-0.20020165066807696,0.2953272778671108,0.0017316754136968775,0.0009995002498750624,75,-0.19055944055944057,0.40298507462686567,8,0.609375,0.578125,0.075
WESAD,S14,,,,,,13,,,,,,13,0.02164502164502164,0.34328358208955223,12,0.5227272727272727,0.3686868686868687,0.35625
WESAD,S15,-0.8129900255674153,-1.5375049051594551,-0.543812013164973,0.21484348955362847,0.01899050474762619,81,0.27831053998177996,0.1507605444264238,0.6654784632638249,0.11650835391113452,0.17191404297851073,81,0.5900383141762452,0.0845771144278607,11,0.25,0.2916666666666667,0.5
WESAD,S16,-0.2671549487931519,-0.7074845538052665,0.05767858457991801,0.043962950899632015,0.26186906546726635,56,-0.09537300829042275,-0.19864872338386616,0.02484605002302503,0.034196609394981724,0.0009995002498750624,56,-0.26179977135391147,0.6915422885572139,7,0.5,,
EXAM,S1,-4.43200661572061,-5.50718486616255,-3.7022900625907953,0.36945333104605405,0.0009995002498750624,150,0.5288398358994051,-0.11546001643339678,1.635308041640418,0.017776889773563502,0.9565217391304348,150,-0.06241206030150754,0.5920398009950248,7,0.42857142857142855,0.46938775510204084,0.20238095238095238
EXAM,S2,-1.3617766299614318,-1.7332395994312384,-1.0489511325597731,0.22468358904367713,0.0009995002498750624,420,0.10455100885266319,-0.01940337192850008,0.21620833874789186,0.004499788359934934,0.0009995002498750624,420,-0.023115577889447233,0.06467661691542288,43,0.4523809523809524,0.45153061224489793,0.46938775510204084
EXAM,S2,-2.9612892478195283,-3.5504247860184153,-2.5031525701261033,0.4695858587843452,0.0009995002498750624,187,0.22684655482588434,-0.01347607708156389,0.5462025051927953,0.010304819184247608,0.08695652173913043,187,-0.1743718592964824,0.6268656716417911,13,0.4201388888888889,0.3712121212121212,0.3425925925925926
EXAM,S3,-1.4117516012832647,-1.9421293311380525,-1.0090464260374745,0.1931328929428916,0.0009995002498750624,157,0.02474065633460476,-0.17105881868302739,0.20238957838163524,0.0003098010265370482,0.0009995002498750624,157,-0.165929648241206,0.6218905472636815,9,0.6172839506172839,0.6049382716049383,0.4567901234567901
EXAM,S4,-0.2757179195663171,-0.6661996680332706,-0.18127156654486176,0.4554383746780507,0.3868065967016492,29,-0.6777467477172758,-1.0205803425402784,-0.4217055236861109,0.2585529757111104,0.0009995002498750624,129,-0.7171013772281514,0.7512437810945274,13,0.5,0.5123456790123457,0.4691358024691358
EXAM,S5,-2.492866682047489,-4.964764355109584,-1.3919642586250893,0.13405451408319954,0.0009995002498750624,75,0.35930608026833255,-0.5541458372755432,1.080022698521389,0.004013893862985417,0.6766616691654173,131,-0.4773301151330658,0.8258706467661692,9,0.4126984126984127,0.35714285714285715,0.5476190476190477
EXAM,S6,-0.9422359087080857,-1.5839429987252045,-0.3573934175833891,0.026921873773924708,0.15292353823088456,219,0.7558944984146495,0.47615501520342735,1.1030506533833209,0.04353515725980847,0.07496251874062969,293,-0.47360758603008507,0.9651741293532339,30,0.4887039239001189,0.4827586206896552,0.4149821640903686
EXAM,S7,2.545374092056696,1.3868816533326294,3.5215308200234423,0.48009861317693847,0.0009995002498750624,92,-1.0447157526877373,-1.3508826314582905,-0.748141715075183,0.2785116252712694,0.0009995002498750624,230,-0.5508786950712626,0.004975124378109453,13,0.4888888888888889,0.48333333333333334,0.5987654320987654
EXAM,S8,-3.261143331823635,-4.019452638854345,-2.587507060853313,0.31142829767835967,0.0009995002498750624,140,-1.6400772086624424,-1.9821825319008657,-1.3710297265434894,0.3354356372439382,0.0009995002498750624,140,0.13829145728643213,0.15422885572139303,19,0.47555555555555556,0.47619047619047616,0.5512820512820513
EXAM,S9,0.7025228322625964,-0.15294718123831877,1.571986272904284,0.028719535236689585,0.0079960019990005,82,0.09978851122961906,-0.363628181571193,0.565120263657546,0.002317338222795539,0.08395802098950525,82,-0.3553768844221105,0.8159203980099502,6,0.5694444444444444,0.6666666666666666,0.8333333333333334
NURSE,15_1594140175,-0.6210066842147381,-0.7730128386598663,-0.48807335343519354,0.30905179679095557,0.06296851574212893,133,0.13405246611116495,0.06339255393252942,0.21850947237720272,0.08220070920487027,0.0009995002498750624,133,-0.1958793969849246,0.6467661691542289,8,0.6,0.4166666666666667,0.1
NURSE,6B_1587569373,-0.15080754977833377,-0.28223725107610853,-0.009506727935152432,0.026514214518703248,0.0009995002498750624,185,0.06288861832995986,0.0072770783734610375,0.11743371223039821,0.015949020594979373,0.0009995002498750624,185,0.5024120603015075,0.13432835820895522,12,0.4444444444444444,0.5486111111111112,0.5486111111111112
NURSE,CE_1586788313,0.16550738042350957,-0.1205115341241764,0.42585388712793854,0.020361547342922247,0.0009995002498750624,62,-0.003072766343131213,-0.11912312829508744,0.12629911954468287,5.89167616219609e-05,0.0009995002498750624,62,0.22190954773869345,0.12935323383084577,10,0.5,0.26,0.24
NURSE,15_1594149654,-0.23501917959211413,-0.5695661008694914,-0.15186195330147487,0.1684223736231545,0.10294852573713144,25,0.17281380993528642,0.11401636210451818,0.425492474849902,0.1827183960578627,0.01899050474762619,25,,,8,,,
NURSE,6B_1587585327,-0.09646940455967357,-0.27848863624919734,0.07803467880156632,0.005112830019944126,0.0009995002498750624,214,0.06362759488341614,-0.009394802525186919,0.13801118300920645,0.011527997955314385,0.0009995002498750624,214,-0.08462311557788944,0.5174129353233831,23,0.4329004329004329,0.32575757575757575,0.42105263157894735
NURSE,7E_1603309557,-0.3841411596771938,-0.6264052354757714,-0.08238255918039829,0.11816507275660257,0.4127936031984008,44,0.015539276398116674,-0.2110363136936059,0.22364484030092796,0.00044045921961071853,0.0009995002498750624,44,0.13557323902151486,0.32338308457711445,10,0.4642857142857143,0.48214285714285715,0.4444444444444444
NURSE,8B_1594153037,-0.29199931177385147,-0.42565322267508937,-0.1649609819147378,0.2958870512121595,0.004997501249375313,32,0.2713105255732934,0.14484377891962535,0.3881062363379205,0.2599666777371043,0.0029985007496251873,32,-0.30505050505050507,0.3582089552238806,5,,,
NURSE,BG_1603681317,,,,,,15,,,,,,15,-0.6602282704126426,0.8557213930348259,4,,,
NURSE,E4_1587236732,,,,,,9,,,,,,9,,,3,,,
NURSE,15_1594213322,0.20671392923873586,0.08255796226314868,0.385152740912806,0.0999425241272975,0.0009995002498750624,74,-0.03175607192139626,-0.09428401648099237,0.03889685693831275,0.008966441948985944,0.0009995002498750624,74,0.11437908496732029,0.14925373134328357,6,0.36,0.55,0.7333333333333333
NURSE,5C_1587297777,0.10612663125782114,-0.013621825630805967,0.21379648978469054,0.005441924275941091,0.0009995002498750624,612,-0.06667210789313843,-0.1231370416885744,-0.008217716525971848,0.0070477730710401445,0.0009995002498750624,612,0.5199999999999999,0.04477611940298507,44,0.4927685950413223,0.4553202479338843,0.5023243801652892
NURSE,6B_1587653438,0.17807075182344367,-0.39891035599955826,0.49573637673107684,0.05125865458379546,0.03498250874562719,20,-0.0772086934875347,-0.1789692956976394,0.15732947741905332,0.08558904430771745,0.0009995002498750624,20,-0.5554796081111871,0.527363184079602,6,0.24,0.2,0.7333333333333333
NURSE,DF_1594305457,0.25859178753062256,0.1693338191235707,0.3511582099048143,0.06364076765558187,0.0009995002498750624,387,-0.013011763746858845,-0.05643919997166102,0.03119492456203612,0.0008789940603200108,0.0009995002498750624,387,0.4855276381909548,0.08955223880597014,26,0.5532544378698225,0.5192307692307693,0.46634615384615385
NURSE,E4_1587241555,-0.14108033330046293,-0.37557897870694396,0.060442443738530756,0.012035240188098784,0.010994502748625687,134,-0.022083262588636392,-0.11015670936375213,0.05630030783078418,0.0021691954619690403,0.0009995002498750624,134,0.34673366834170855,0.22885572139303484,15,0.5222222222222223,0.4911111111111111,0.4380952380952381
NURSE,15_1594220239,0.4590033053961828,-0.39666487773301085,1.5059685665112499,0.009024864261915863,0.029985007496251874,96,-0.8697068040218054,-1.410660894927822,-0.3447115504892265,0.10068745811478655,0.0009995002498750624,94,-0.22452261306532662,0.23880597014925373,24,0.4488095238095238,0.42857142857142855,0.4483333333333333
NURSE,5C_1587336033,,,,,,6,,,,,,6,,,5,0.4444444444444444,,
NURSE,6D_1594910470,-0.06999726370576927,-0.12070936970818023,-0.02128330066027432,0.015300725912435153,0.0009995002498750624,409,-0.014884482634080893,-0.061972466750979525,0.029968651433176223,0.001217457794854882,0.0009995002498750624,409,-0.12442211055276381,0.3582089552238806,26,0.5445134575569358,0.38203463203463206,0.38795518207282914
NURSE,7A_1587326219,0.31828233778276493,-0.13931167530082486,1.0628576066217854,0.039307951357467695,0.0009995002498750624,56,0.06647635007589899,-0.03476271141526318,0.3014951552299526,0.010786554931906634,0.001999000499750125,56,-0.8863387978142077,0.9800995024875622,2,,,
NURSE,EG_1603574790,-1.1587592861385791,-1.3852176521575117,-0.9384338520292611,0.30844818201628316,0.0009995002498750624,360,0.006757509323195982,-0.07469959785086558,0.08817416106118266,7.345362582532719e-05,0.0009995002498750624,360,0.38623115577889444,0.06467661691542288,19,0.5130718954248366,0.5441176470588235,0.6357466063348416
NURSE,15_1594238057,0.10054716784477205,-0.07428893963698142,0.2887084366451653,0.04518032345640972,0.0009995002498750624,43,0.011786645184729211,-0.1427875559194454,0.11724416244643679,0.0007120580877427627,0.0009995002498750624,43,0.02132796780684105,0.004975124378109453,7,0.5,,
NURSE,E4_1587298478,,,,,,7,,,,,,7,-0.2484746475909952,0.04975124378109453,2,,,
NURSE,5C_1587569014,,,,,,0,,,,,,0,0.10472361809045226,0.22388059701492538,17,0.4270833333333333,0.4479166666666667,0.5644444444444444
NURSE,6B_1588961203,,,,,,13,,,,,,13,-0.15812861042341145,0.6218905472636815,6,0.7,0.5666666666666667,0.45
NURSE,DF_1594757884,,,,,,15,,,,,,15,,,5,,,
NURSE,E4_1587302737,-0.027741312656345662,-0.4212100271314992,0.34089833359972105,0.0003436936606721626,0.020989505247376312,90,0.001995195146910238,-0.10767656285335377,0.14582607197569913,6.903514343475066e-06,0.0009995002498750624,90,0.17807080066524117,0.18407960199004975,12,0.4409722222222222,0.3560606060606061,0.2760416666666667
NURSE,6D_1595339521,0.05191398768803158,-0.08834440684851895,0.20495864268687197,0.004989126547835031,0.0009995002498750624,83,0.028278444871838147,-0.03461324367465661,0.08967183438870652,0.007332241854014249,0.0009995002498750624,83,-0.05768844221105528,0.31840796019900497,11,0.48760330578512395,0.45454545454545453,0.42424242424242425
NURSE,7A_1587643240,0.3534599931380637,0.25017445952656464,0.4642343405270938,0.0315060789355725,0.0009995002498750624,958,-0.012278780587909622,-0.0858996779575489,0.06584619001001336,0.00010344457002740301,0.0009995002498750624,968,-0.05507537688442211,0.06965174129353234,84,0.4901107594936709,0.48870192307692306,0.5346435709526982
NURSE,8B_1594320348,-0.14244253104695184,-0.26644189814474856,-0.07158756721745956,0.37342363998306394,0.001999000499750125,20,0.015724456228181784,-0.035007315507631476,0.06712011159115545,0.01117361835921443,0.0009995002498750624,20,,,4,,,
NURSE,15_1594325201,-0.1355401201874879,-0.2745999400461374,-0.027841201694590503,0.050516473565993994,0.0009995002498750624,98,-0.13275161898630033,-0.376748251686189,0.01994654786387081,0.027723437568170688,0.0009995002498750624,98,-0.20473339036213292,0.01990049751243781,5,0.375,0.6666666666666666,
NURSE,5C_1587593875,-0.009284338209513385,-0.23966513181226384,0.3533972378234543,4.9503907659317854e-05,0.001999000499750125,81,-0.04110822910755962,-0.21688309375546458,0.17619163432664633,0.002373502958740021,0.0009995002498750624,81,0.26583592938733125,0.04975124378109453,8,0.5714285714285714,0.5714285714285714,0.32142857142857145
NURSE,6B_1589052301,0.05565087288333127,-0.10015538469911323,0.22449285947150077,0.006412811225562142,0.0009995002498750624,83,-0.04771048199911543,-0.14252679862908577,0.054719715618562634,0.00947326446349894,0.0009995002498750624,83,-0.042391304347826085,0.40298507462686567,7,0.8125,0.5833333333333334,0.3333333333333333
NURSE,6D_1595523837,0.30559863947952326,0.13742366306236997,0.42839622736219934,0.14564918627638326,0.0009995002498750624,72,-0.035921599166105135,-0.10020119288679581,0.08688275743812425,0.0080998415274682,0.0009995002498750624,72,-0.2712562814070351,0.572139303482587,21,0.5310457516339869,0.5416666666666666,0.4230769230769231
NURSE,DF_1594991923,-0.21890582565803562,-0.40374057321422463,-0.06734837901350943,0.11616200963648525,0.017991004497751123,43,0.13209157706488037,0.05589582354891881,0.28669445500135377,0.256969756688334,0.0009995002498750624,43,0.16482412060301507,0.3383084577114428,25,0.5424,0.5152,0.4973913043478261
NURSE,7E_1603719136,-0.06251717902858796,-0.2017970962293203,0.08962296135211437,0.007879650451173056,0.0009995002498750624,138,-0.01244923378598776,-0.09882972407773268,0.043295715048571194,0.001046947293730877,0.0009995002498750624,138,0.3380904522613065,0.004975124378109453,20,0.4825,0.41125,0.4276315789473684
NURSE,EG_1603972494,-0.037557023294886874,-0.17786886066224683,0.10021299372036281,0.0006586534736077001,0.0009995002498750624,377,-0.052708862662348546,-0.16713472703013463,0.06138290397521327,0.0019196953791218005,0.0009995002498750624,377,-0.017487437185929648,0.39800995024875624,32,0.5274234693877551,0.41836734693877553,0.4336734693877551
NURSE,F5_1594647650,0.14465138804329147,-0.04373891722498608,0.2879172200192248,0.01325093124401929,0.0009995002498750624,196,0.04854897473597934,-0.021866439000247376,0.10844742311593765,0.008651644168710107,0.0009995002498750624,196,-0.10773869346733668,0.22388059701492538,19,0.4602076124567474,0.3786764705882353,0.4172794117647059
NURSE,6B_1590172247,-0.032683169306080964,-0.1696706197203603,0.11050551252717256,0.0012797493875864679,0.0009995002498750624,163,0.016530828621813105,-0.061590399177890234,0.08980924300960727,0.0010545933667736012,0.0009995002498750624,163,0.2784924623115578,0.21890547263681592,22,0.4989177489177489,0.5205627705627706,0.5989974937343359
NURSE,83_1604314003,-0.010929316106436783,-0.2165184094359015,0.20672935153053637,0.0001244999566201463,0.0009995002498750624,128,-0.017090382101652053,-0.1138902303400651,0.048319918874202034,0.0012241210027703448,0.0009995002498750624,128,0.0051256281407035175,0.3333333333333333,9,0.5555555555555556,0.5446428571428571,0.45
NURSE,DF_1595337957,,,,,,15,,,,,,15,-0.3025125628140703,0.7960199004975125,30,0.5472222222222223,0.5455555555555556,0.4908045977011494
NURSE,E4_1587324331,-0.0911344896608341,-0.2877750197444489,0.08254695304975795,0.05530297316932084,0.0009995002498750624,24,-0.12183734875217703,-0.2473068933431065,-0.013548076386256823,0.11270645219883631,0.0009995002498750624,24,,,5,,,
NURSE,F5_1594671025,-1.528636238434727,-2.1908190607360583,-1.1517962653228053,0.42057446216660976,0.0009995002498750624,57,0.1786527817750685,-0.06671383122693629,0.5715274428642729,0.018288204363325063,0.09295352323838081,57,0.4688457609805925,0.17412935323383086,12,0.5357142857142857,0.6041666666666666,
NURSE,15_1595334888,-0.08074152519180221,-0.993276734094453,0.7428725121003023,0.0014261766168362877,0.33983008495752126,39,-0.04071759708650985,-0.20129490451348503,0.09930708604307475,0.008921684626431774,0.0009995002498750624,39,-0.8785929648241205,1.0,17,0.49175824175824173,0.47023809523809523,0.4307692307692308
