dataset,subject,state,n_episodes,mean_dwell,cv_observed,cv_geometric,overdispersion,ks_stat,ks_p
WESAD,S6,overloaded,8,15.25,1.6214598218197904,0.9666572451020045,0.654802576717786,0.5594262295081968,0.006909942760780276
WESAD,S7,overloaded,11,9.090909090909092,1.8349386910739005,0.9433981132056604,0.8915405778682401,0.5193727272727273,0.002762743677820277
WESAD,S7,stuck,10,6.9,1.628678603303501,0.9247012835332911,0.7039773197702099,0.3345787407231824,0.168545750828059
WESAD,S13,overloaded,10,5.7,1.2530050060118665,0.9080536347093006,0.3449513713025659,0.18116675188218423,0.8419292783472025
WESAD,S13,stuck,9,9.777777777777779,1.2616195481592383,0.9474847084398105,0.3141348397194278,0.27904676282452623,0.40993343400674975
WESAD,S17,overloaded,9,9.444444444444445,1.383341323749522,0.9455779434075351,0.4377633803419869,0.23461624525201674,0.6245739049599719
EXAM,S1,overloaded,56,9.589285714285714,3.5202166026421424,0.9464232383010656,2.5737933643410766,0.37373741877346633,1.5670224828932588e-07
EXAM,S1,stuck,10,3.8,1.7801615289776593,0.8583950752789522,0.9217664536987071,0.34293628808864285,0.14902347962063367
EXAM,S10,overloaded,10,33.8,1.8710205135121112,0.9850960365281305,0.8859244769839807,0.61040106677523,0.00041602545744236967
EXAM,S10,stuck,8,7.25,1.6931701651297817,0.9284766908852593,0.7646934742445224,0.3681629013079666,0.17652892873826143
EXAM,S2,overloaded,34,8.764705882352942,2.7793420316206032,0.9412258178930583,1.8381162137275449,0.40247657100766543,1.739863986832499e-05
EXAM,S2,stuck,16,5.25,1.0722219284950192,0.8997354108424374,0.17248651765258183,0.21967120181405897,0.3682935345470886
EXAM,S2,overloaded,10,22.2,1.3241711010214865,0.977217966962824,0.34695313405866246,0.21193896599302003,0.6859467694378688
EXAM,S3,overloaded,64,3.328125,1.5126917931355477,0.8363794093782587,0.676312383757289,0.3004694835680751,1.2748932361145516e-05
EXAM,S4,stuck,15,14.266666666666667,2.698427190443065,0.9643166191952075,1.7341105712478575,0.4810846944509187,0.0010243520401687078
EXAM,S5,overloaded,60,2.1166666666666667,0.7671004998605813,0.7263326063988248,0.040767893461756466,0.4724409448818898,8.189984772378455e-13
EXAM,S5,stuck,53,4.490566037735849,3.4176275328851085,0.8816523829547266,2.535975149930382,0.4155330278615331,8.42459658806207e-09
EXAM,S5,overloaded,37,1.4594594594594594,0.5424377228102523,0.5610836076867821,-0.01864588487652985,0.6851851851851852,8.49342936679355e-18
EXAM,S5,stuck,35,3.257142857142857,1.5046864310450223,0.8324556781837402,0.6722307528612821,0.3070175438596492,0.0019961343426477818
EXAM,S7,overloaded,34,4.0,1.7192679700794686,0.8660254037844386,0.85324256629503,0.25,0.02331762962225936
EXAM,S7,stuck,39,3.3846153846153846,1.1677484162422844,0.8393720596645177,0.32837635657776676,0.2954545454545454,0.001636198215747009
EXAM,S7,overloaded,19,9.368421052631579,1.7205325611281772,0.9451234982616251,0.7754090628665521,0.3208718795897344,0.030648538661495306
EXAM,S7,stuck,14,5.571428571428571,1.1386463236499753,0.9058216273156766,0.2328246963342987,0.24908424908424903,0.2979600301563696
EXAM,S8,overloaded,43,2.2093023255813953,0.8485281374238569,0.7398435111918138,0.10868462623204311,0.4526315789473685,1.4509284318030563e-08
EXAM,S8,stuck,47,5.659574468085107,2.3846146481521986,0.9073633619871875,1.4772512861650111,0.3161343809050703,0.00011259541751946077
EXAM,S8,overloaded,25,2.04,0.9246922449060075,0.7140055472954167,0.2106866976105909,0.4901960784313726,4.6021691385308654e-06
EXAM,S8,stuck,24,5.0,1.1761519176251567,0.8944271909999159,0.28172472662524084,0.2233333333333335,0.15624602637993668
EXAM,S9,overloaded,22,2.4545454545454546,2.5404815762433364,0.769800358919501,1.7706812173238353,0.4562289562289562,0.00010496232922572793
EXAM,S9,stuck,44,4.159090909090909,1.2987888201302362,0.8715290250646014,0.42725979506563483,0.2404371584699454,0.010073686696427386
EXAM,S9,stuck,29,4.379310344827586,1.4644822598504152,0.878438127193422,0.5860441326569933,0.28889492261743144,0.012282592537769643
NURSE,15_1594140175,overloaded,8,16.25,2.1627836544820367,0.9687422456265332,1.1940414088555036,0.525650208326039,0.013841356191879185
NURSE,15_1594213322,overloaded,12,7.083333333333333,1.4956916211590998,0.9267273220380225,0.5689642991210773,0.21678254969808008,0.5540944261930234
NURSE,15_1594213322,stuck,17,2.588235294117647,1.2988392783845044,0.7833494518006403,0.5154898265838641,0.38636363636363635,0.008554743252175645
NURSE,15_1594220239,overloaded,38,4.526315789473684,1.5024767725779624,0.8826492890394579,0.6198274835385045,0.22093023255813948,0.04139650032403408
NURSE,15_1594325201,overloaded,19,3.1052631578947367,1.3578376442284563,0.8233869695926183,0.5344506746358381,0.3220338983050848,0.029734303667828144
NURSE,15_1594380033,overloaded,15,9.533333333333333,0.9719021903827517,0.9460998335825321,0.025802356800219584,0.15805809199587412,0.7935866832456163
NURSE,15_1595425036,overloaded,14,4.285714285714286,1.0033277962194942,0.8755950357709131,0.12773276044858106,0.2333333333333334,0.37257846619431345
NURSE,15_1595425036,stuck,19,1.2105263157894737,0.33678116053977536,0.41702882811414954,-0.08024766757437418,0.8260869565217391,8.384082460129028e-15
NURSE,15_1595433234,overloaded,14,6.0,1.2786401506759573,0.9128709291752769,0.36576922150068036,0.19444444444444453,0.5980253318656219
NURSE,15_1595446619,overloaded,13,9.076923076923077,1.9005737049451032,0.9433082785996189,0.9572654263454844,0.4730984475815001,0.0034196905002094047
NURSE,15_1595446619,stuck,28,3.0357142857142856,1.0247457275970335,0.8188945202491696,0.20585120734786388,0.3294117647058823,0.003299035083276114
NURSE,15_1595608145,overloaded,31,3.2903225806451615,0.9861595068023192,0.8343131494664033,0.1518463573359159,0.303921568627451,0.0048834289746232384
NURSE,15_1595608145,stuck,28,1.1428571428571428,0.3061862178478973,0.3535533905932738,-0.047367172745376496,0.875,1.0569592287638161e-25
NURSE,15_1595947283,overloaded,9,3.5555555555555554,0.9291292967074065,0.8477912478906585,0.081338048816748,0.28125,0.40034412671640074
NURSE,15_1595953571,overloaded,17,14.176470588235293,1.1736945626213946,0.9640853597648203,0.20960920285657425,0.15312245031034577,0.7657918962238344
NURSE,15_1596027852,overloaded,8,18.625,1.8126148851726505,0.9727840072864143,0.8398308778862361,0.44630872483221473,0.056903731002304836
NURSE,15_1596027852,stuck,10,4.8,0.9119195261766371,0.8897565210026093,0.022163005174027806,0.20833333333333337,0.7051642466220845
NURSE,15_1596037241,overloaded,33,5.545454545454546,1.5321219445464103,0.9053574604251853,0.626764484121225,0.27792300864055774,0.009567741400029584
NURSE,15_1596037241,stuck,25,1.88,1.1781164425452875,0.6841674549282352,0.4939489876170523,0.5319148936170213,3.9407570130710886e-07
NURSE,15_1596204744,overloaded,10,19.6,1.6264550721198305,0.9741558354989898,0.6522992366208408,0.36211555255738526,0.11099863180379621
NURSE,15_1596204744,stuck,21,1.4761904761904763,0.3977041292238049,0.5679618342470648,-0.17025770502325993,0.6774193548387096,4.537247443748423e-10
NURSE,15_1596222922,stuck,13,6.153846153846154,1.6801227633717721,0.9151502608861564,0.7649725024856158,0.45288461538461544,0.005917958966089043
NURSE,15_1596551659,overloaded,27,5.592592592592593,1.2110335841761546,0.906196475925686,0.3048371082504686,0.19287490639624316,0.23536069403135562
NURSE,15_1596551659,stuck,29,1.3448275862068966,0.44853476114194624,0.5063696835418333,-0.05783492239988708,0.7435897435897436,4.9836212643495374e-17
NURSE,15_1596564517,overloaded,22,7.045454545454546,1.162955794973048,0.9263177187817537,0.2366380761912943,0.23627471383975018,0.14533118838109205
NURSE,15_1596636683,overloaded,19,9.631578947368421,1.4252556187530234,0.9466651273750281,0.47859049137799536,0.20224248097017383,0.3685909003672785
NURSE,15_1596653112,overloaded,21,4.9523809523809526,1.5671602101445647,0.8933515114874565,0.6738086986571082,0.22260227522108078,0.21443188114557588
NURSE,15_1596653112,stuck,20,1.5,0.53748384988657,0.5773502691896258,-0.03986641930305579,0.6666666666666666,2.781799094744576e-09
NURSE,5C_1587297777,overloaded,47,10.042553191489361,2.084883556146214,0.9489065964643513,1.1359769596818627,0.42778416800625874,2.518331199796936e-08
NURSE,5C_1587297777,stuck,39,5.948717948717949,1.4445508335059174,0.9120836319790735,0.5324672015268439,0.23051341123204971,0.026427910141932354
NURSE,5C_1587569014,overloaded,16,18.6875,1.8619573458820533,0.9728762995953706,0.8890810462866827,0.35859439518716507,0.023903706924127688
NURSE,5C_1588974475,overloaded,13,7.538461538461538,1.2131275560736758,0.9313146293146641,0.2818129267590117,0.2582490079749633,0.2972112735409701
NURSE,5C_1588974475,stuck,8,6.25,2.2224311012942564,0.916515138991168,1.3059159623030885,0.715,0.00011783407317032903
NURSE,5C_1589028738,overloaded,10,42.9,1.0144788877955018,0.9882762653681291,0.0262026224273727,0.1887582679333218,0.8056074345430617
NURSE,5C_1589028738,stuck,11,14.272727272727273,2.318576325753359,0.9643320515945139,1.3542442741588454,0.4405553801663721,0.018406754461468555
NURSE,5C_1589199875,overloaded,10,55.5,1.1807302204920958,0.9909500401039307,0.18978018038816502,0.2642886129372615,0.4149900842047619
NURSE,5C_1589286789,overloaded,17,8.352941176470589,1.4459446055849288,0.938233281301002,0.5077113242839267,0.3043076187031052,0.06803820635080982
NURSE,5C_1589286789,stuck,8,5.25,1.0890092024789784,0.8997354108424374,0.189273791636541,0.19047619047619047,0.8849266617632726
NURSE,5C_1589298448,overloaded,35,15.028571428571428,3.357445667708568,0.9661573764380352,2.3912882912705324,0.5021039808027414,1.0892711713484187e-08
NURSE,5C_1589298448,stuck,77,1.3246753246753247,0.5364456478550765,0.4950737714883372,0.041371876366739335,0.7549019607843137,4.635182024590112e-46
NURSE,5C_1589803857,overloaded,69,9.44927536231884,2.735057811502924,0.9456065667819277,1.789451244720996,0.3059359483395444,3.138023933741561e-06
NURSE,5C_1589803857,stuck,46,9.08695652173913,2.5041025380052435,0.9433727540638683,1.5607297839413752,0.4659278783034708,1.1359899597890373e-09
NURSE,5C_1589889161,overloaded,21,33.523809523809526,1.33454558275405,0.9849723115628451,0.34957327119120485,0.33278677975186,0.014178963228242192
NURSE,5C_1592926305,overloaded,23,14.521739130434783,2.2090006216114775,0.9649547785004736,1.244045843111004,0.36041493172872074,0.0035016079429677216
NURSE,5C_1593006542,overloaded,20,8.65,2.303241552225912,0.9404217477195086,1.3628198045064033,0.48439306358381506,7.634543114609673e-05
NURSE,5C_1593006542,stuck,13,2.3076923076923075,1.0801234497346435,0.752772652709081,0.32735079702556247,0.43333333333333335,0.009787077614960893
NURSE,5C_1593018622,stuck,28,1.3571428571428572,0.5977798258737129,0.5129891760425771,0.08479064983113582,0.7368421052631579,4.207419307868844e-16
NURSE,5C_1593094946,overloaded,48,1.6041666666666667,0.5508392223493115,0.6136964857512031,-0.06285726340189157,0.6233766233766234,1.5432013262669294e-18
NURSE,5C_1593094946,stuck,53,2.4150943396226414,1.1070618489948967,0.7654655446197431,0.34159630437515354,0.4140625,9.703204096767345e-09
NURSE,6B_1588970444,overloaded,53,3.150943396226415,2.9684537863342366,0.8262171207006801,2.1422366656335567,0.3173652694610778,3.0238628672375318e-05
NURSE,6B_1588970444,stuck,54,2.9814814814814814,2.506186165953043,0.8152277432054956,1.6909584227475474,0.3354037267080745,6.4105970805616435e-06
NURSE,6B_1590172247,overloaded,31,5.870967741935484,1.4733473197445597,0.910862409845927,0.5624849098986326,0.2367399527094669,0.051785336311921504
NURSE,6B_1592925729,overloaded,11,9.0,1.5497728011321752,0.9428090415820634,0.6069637595501118,0.25664420420188216,0.39571157266997137
NURSE,6B_1592925729,stuck,13,1.3846153846153846,0.3513641844631533,0.5270462766947299,-0.1756820922315766,0.7222222222222222,2.086730492055204e-07
NURSE,6B_1592996203,overloaded,24,15.416666666666666,2.4915283782460826,0.9670238544809198,1.5245045237651629,0.47304461779608764,1.8825864788036913e-05
NURSE,6B_1592996203,stuck,49,1.653061224489796,0.6177775804047805,0.6285393610547089,-0.010761780649928387,0.6049382716049383,1.0366461277199367e-17
NURSE,6B_1593083317,overloaded,8,5.5,1.5320272314866108,0.9045340337332909,0.6274931977533199,0.3181818181818181,0.32115722025164195
NURSE,6B_1593091155,overloaded,16,11.25,2.3227272178185414,0.9545214042184236,1.3682058136001178,0.5176234567901234,0.00016438104073031678
NURSE,6B_1593091155,stuck,16,2.0625,0.8479435502808013,0.7177405625652734,0.13020298771552785,0.48484848484848486,0.000549647314113999
NURSE,6B_1593176942,overloaded,13,6.6923076923076925,2.022988505747126,0.9222660747548281,1.100722430992298,0.4157850340965681,0.015032997226705702
NURSE,6B_1593176942,stuck,12,3.0,0.49065338146265813,0.816496580927726,-0.3258431994650679,0.38888888888888884,0.03818154947187735
NURSE,6B_1593191957,overloaded,13,7.615384615384615,1.4708680120620121,0.9320337272260424,0.5388342848359697,0.3478334632298514,0.06558933492071994
NURSE,6B_1593427701,overloaded,13,12.076923076923077,1.5424274101923259,0.9577042613611466,0.5847231488311793,0.3869780418695338,0.029102271844040906
NURSE,6B_1593427701,stuck,25,1.24,0.4131047895117967,0.4399413450640598,-0.02683655555226311,0.8064516129032259,4.2262166253121205e-18
NURSE,6B_1593437366,overloaded,15,3.7333333333333334,1.099918828173892,0.8556534679079243,0.2442653602659678,0.2678571428571428,0.19330041493721584
NURSE,6B_1593437366,stuck,13,2.4615384615384617,0.6091746465505603,0.770551750371122,-0.1613771038205617,0.40625,0.01881872773207527
NURSE,6B_1593455714,stuck,9,1.3333333333333333,0.3535533905932738,0.5,-0.1464466094067262,0.75,9.499342060078165e-06
NURSE,6B_1593514692,overloaded,28,11.928571428571429,2.1772129006866265,0.9571664769885428,1.2200464236980837,0.41881627865694904,5.7685746234996547e-05
NURSE,6B_1593514692,stuck,38,4.421052631578948,1.7081985179921997,0.8796644381862461,0.8285340798059536,0.3527568922305765,9.816557714857774e-05
NURSE,6D_1594831043,overloaded,8,16.375,1.1618862271832506,0.9689846736197243,0.19290155356352634,0.32775430354020374,0.28831160304957215
NURSE,6D_1594998483,overloaded,54,5.055555555555555,2.822978323961816,0.8956549571111647,1.9273233668506513,0.4503459503459504,1.6262933117525832e-10
NURSE,6D_1594998483,stuck,49,4.510204081632653,2.673469207537777,0.8822020987202566,1.7912671088175205,0.39052544094560904,3.047846074931465e-07
NURSE,6D_1595523837,overloaded,19,9.157894736842104,0.9915084040553861,0.9438244527989034,0.047683951256482726,0.10919540229885061,0.9587453593931985
NURSE,7A_1587228286,overloaded,12,23.583333333333332,1.9755241711953406,0.97856894143687,0.9969552297584706,0.3150450892367366,0.14767360199650248
NURSE,7A_1587228286,stuck,9,1.0,0.0,3.16227779099239e-05,-3.16227779099239e-05,0.9999999989999999,2.000001489327171e-81
NURSE,7A_1587556854,overloaded,27,13.296296296296296,1.1854192371057746,0.9616605879160146,0.22375864918975996,0.2626459608016238,0.039260795625210454
NURSE,7A_1588977047,overloaded,20,5.05,1.894662530194547,0.8955334711889903,0.9991290590055567,0.31581139880481546,0.028471296705041338
NURSE,7A_1588977047,stuck,10,9.6,2.2147117005756454,0.9464847243000456,1.2682269762755998,0.5025173611111111,0.007337800257873929
NURSE,7A_1589025873,overloaded,60,4.25,1.3479875212904555,0.8744746321952062,0.47351288909524936,0.23529411764705888,0.002094172081372969
NURSE,7A_1589025873,stuck,83,1.8674698795180722,0.8589129930654255,0.6815542010964778,0.17735879196894766,0.535483870967742,9.00734275978643e-23
NURSE,7A_1592926372,overloaded,11,8.545454545454545,1.3327201698610136,0.9396694756158972,0.3930506942451164,0.2338701662707422,0.5108414943565439
NURSE,7A_1593177044,overloaded,16,15.6875,1.405595531592133,0.9676026974330328,0.43799283415910006,0.23604225213951247,0.2870041447895779
NURSE,7A_1593192268,overloaded,25,3.76,2.9627993809948627,0.8567628336893993,2.1060365473054636,0.45404255319148934,3.1514140359668194e-05
NURSE,7A_1593192268,stuck,25,3.2,1.0269797953221864,0.82915619758885,0.19782359773333646,0.3125,0.011453570174983385
NURSE,7A_1593521778,overloaded,11,9.090909090909092,1.1339312148450627,0.9433981132056604,0.1905331016394023,0.13334492732463643,0.9752255726110202
NURSE,7A_1593521778,stuck,11,2.727272727272727,0.44472213547087786,0.7958224257542215,-0.3511002902833436,0.4170707070707071,0.03012421394262732
NURSE,7A_1593534070,overloaded,11,12.181818181818182,0.9997772084187566,0.9580764310644501,0.04170077735430655,0.28154681139755766,0.2899567757474467
NURSE,7A_1593534070,stuck,20,3.05,0.7995900589021115,0.8198360491836058,-0.02024599028149421,0.3278688524590164,0.020449352156951095
NURSE,7A_1593609973,overloaded,18,7.777777777777778,3.0081182673232916,0.933503385868831,2.0746148814544605,0.4395299643666991,0.0011042171634184639
NURSE,7A_1593609973,stuck,33,2.090909090909091,0.9518992390535087,0.7223151185146152,0.22958412053889354,0.4782608695652174,1.8431455076425988e-07
NURSE,7A_1593709119,overloaded,17,13.529411764705882,1.9933348296036855,0.9623341189637511,1.0310007106399344,0.33785166240409203,0.031104966350925523
NURSE,7A_1593709119,stuck,23,5.434782608695652,1.8708030361318106,0.9033271832508972,0.9674758528809134,0.4129037133913045,0.00046096901622094677
NURSE,7A_1594043417,overloaded,19,4.2631578947368425,0.9591567703483965,0.8748897637790901,0.08426700656930641,0.23456790123456783,0.21058923346448544
NURSE,7A_1594043417,stuck,30,1.7666666666666666,0.9089954317317663,0.6587581226451356,0.2502373090866308,0.5660377358490566,1.3214302529631425e-09
