phi,mean_ac1,n_rep,size_rw,ci_lo_rw,ci_hi_rw,size_iaaft,ci_lo_iaaft,ci_hi_iaaft
0.0,-0.007651114582276775,4,0.0,0.0,0.48990002040399916,0.0,0.0,0.48990002040399916
0.3,0.3024424689932587,4,0.0,0.0,0.48990002040399916,0.0,0.0,0.48990002040399916
0.5,0.42576682587819814,4,0.0,0.0,0.48990002040399916,0.0,0.0,0.48990002040399916
0.7,0.7389868403185966,4,0.0,0.0,0.48990002040399916,0.0,0.0,0.48990002040399916
0.85,0.8334957121460377,4,0.0,0.0,0.48990002040399916,0.0,0.0,0.48990002040399916
0.95,0.9363153980217598,4,0.25,0.045586062644636216,0.6993639475573634,0.0,0.0,0.48990002040399916
0.98,0.963781914593173,4,0.0,0.0,0.48990002040399916,0.0,0.0,0.48990002040399916
0.995,0.9715445866515748,4,0.25,0.045586062644636216,0.6993639475573634,0.0,0.0,0.48990002040399916
1.0,0.9868795618118642,4,0.0,0.0,0.48990002040399916,0.0,0.0,0.48990002040399916
